CustomerID,CustomerName,Segment,Country,City,State,PostalCode,Region
CUST0001,David Gomez,Corporate,Germany,East Joshuaville,Mississippi,66152,Bavaria
CUST0002,Gloria Powell,Consumer,Canada,Schwartzstad,Iowa,81654,Central
CUST0003,Megan Stanley,Corporate,Australia,Webbstad,Michigan,46474,Western Australia
CUST0004,Robert Clark,Home Office,Australia,Lake Lucas,Massachusetts,19448,Victoria
CUST0005,Kimberly Allen,Corporate,Australia,Allenburgh,Maine,95590,Western Australia
CUST0006,Russell Terry,Consumer,United States,Marcusstad,Alabama,37339,South
CUST0007,Ivan Cruz,Consumer,Germany,Lake Christinaview,Nevada,25579,Bavaria
CUST0008,Brenda Newman,Home Office,Australia,South Jamesmouth,Minnesota,03976,New South Wales
CUST0009,April Mitchell,Corporate,United States,West Emily,Arizona,64452,East
CUST0010,Ryan Rodriguez,Corporate,United Kingdom,Lake Anthony,Colorado,26418,England
CUST0011,Daniel Kelley,Home Office,United States,New Nicole,New Jersey,60063,East
CUST0012,Kristen Gregory,Home Office,Canada,Hartmouth,New Jersey,91015,East
CUST0013,Kristen George,Home Office,United Kingdom,Port Steven,Alaska,99111,Wales
CUST0014,Dylan Jennings,Consumer,United Kingdom,Davistown,Iowa,30070,Northern Ireland
CUST0015,Veronica Marsh,Home Office,Australia,North Timothyfort,Vermont,94659,Victoria
CUST0016,Kaitlin Gardner,Consumer,United Kingdom,South Joshuamouth,Maryland,28790,England
CUST0017,Catherine Briggs,Corporate,United States,Ballport,Delaware,11132,West
CUST0018,Andrew Murphy,Corporate,Australia,New Megan,Arizona,12851,Victoria
CUST0019,Debbie Cross,Consumer,United Kingdom,Logantown,New York,90388,Wales
CUST0020,Kenneth Morgan,Consumer,Canada,North Alex,Pennsylvania,67043,West
CUST0021,Richard Conley,Home Office,Canada,West Kellyview,Michigan,60275,Central
CUST0022,Kyle Hutchinson,Home Office,Germany,Kennethmouth,Indiana,10181,Bavaria
CUST0023,Jason Walters,Corporate,Germany,Erinbury,New Mexico,15524,Bavaria
CUST0024,Stacey Schwartz,Corporate,United States,Stevenside,Colorado,58668,Central
CUST0025,Nicole Bryant,Corporate,Canada,North Ronaldfort,Tennessee,52872,Central
CUST0026,Diana Vaughn,Consumer,Germany,Phelpsfurt,Massachusetts,94896,Bavaria
CUST0027,Jose Johnson,Consumer,United Kingdom,Port Michael,Iowa,41154,Scotland
CUST0028,Jeremiah Buckley,Consumer,United States,Russellbury,North Carolina,79362,West
CUST0029,Bryan Meadows,Consumer,United Kingdom,Sandersshire,Michigan,22351,England
CUST0030,Michael Terrell,Consumer,United States,Victoriafort,Alabama,39266,West
CUST0031,Henry Morrow,Consumer,Australia,Ianland,Kentucky,01910,Victoria
CUST0032,Annette Taylor,Home Office,Canada,Williamsfort,Arkansas,02072,East
CUST0033,Joyce Sandoval,Consumer,United Kingdom,New Johnny,Tennessee,40145,Northern Ireland
CUST0034,Sherri Johnson,Home Office,United Kingdom,New Kennethborough,California,01802,Wales
CUST0035,Dr. Joe Peterson,Consumer,Canada,North Keith,New Mexico,35527,East
CUST0036,Jackson Brooks,Corporate,Australia,Taylormouth,New York,13732,New South Wales
CUST0037,Erica Olsen,Corporate,Australia,North Erika,Wyoming,62503,Victoria
CUST0038,Shannon Sherman,Corporate,United States,Samanthaborough,Arizona,77610,West
CUST0039,Christopher West,Consumer,Germany,Edwardsview,Montana,06905,Bavaria
CUST0040,Carla Hutchinson,Home Office,United States,Mccartyville,Oregon,32705,East
CUST0041,Ricardo Harris,Corporate,United States,West Davidberg,Louisiana,15282,West
CUST0042,Alicia Wall,Consumer,United States,Smithberg,Massachusetts,27327,South
CUST0043,Jonathan Carter,Corporate,United States,Robertfort,New Hampshire,66224,West
CUST0044,Teresa Coleman,Corporate,Australia,Moniquemouth,Arkansas,95609,Victoria
CUST0045,Sharon Garcia,Consumer,Canada,Johnton,California,76375,East
CUST0046,Gary Jacobs DVM,Home Office,Germany,South Amandaport,Illinois,45747,Hamburg
CUST0047,Jonathan Shelton,Home Office,United Kingdom,Shaneland,Vermont,57998,Northern Ireland
CUST0048,Debra Campos,Corporate,United Kingdom,East Samanthatown,South Carolina,40056,Scotland
CUST0049,Tony Sherman,Corporate,Germany,Hawkinsberg,Wisconsin,38428,Bavaria
CUST0050,Andre Todd,Home Office,Germany,North Brianaburgh,Connecticut,49996,Hamburg
CUST0051,Kathy Payne,Home Office,United Kingdom,New Henry,New York,09262,Scotland
CUST0052,Amanda Estes,Home Office,United States,Anthonyview,South Dakota,97396,Central
CUST0053,Tiffany Moran,Corporate,Australia,North Beverlyberg,Missouri,22888,Victoria
CUST0054,Brittany Martin,Consumer,United States,South John,Oregon,06578,East
CUST0055,Mrs. Mikayla Sanchez,Consumer,Germany,Port Timothy,South Carolina,27983,Hesse
CUST0056,Jason Williamson,Corporate,United States,East Suzanne,Texas,72674,Central
CUST0057,Cody Hale Jr.,Consumer,United Kingdom,Lewisville,Tennessee,80647,Northern Ireland
CUST0058,Gloria Anderson,Home Office,Canada,Ginafort,Vermont,35205,Central
CUST0059,Danielle Harrell,Home Office,United States,Port Stephen,South Carolina,16452,South
CUST0060,Megan Bennett,Home Office,Australia,Gabrielside,Washington,23770,Western Australia
CUST0061,Melissa Morris,Home Office,Canada,West Gregory,Pennsylvania,63118,East
CUST0062,Eduardo Oliver,Consumer,Germany,Kathyburgh,New Mexico,77663,Hamburg
CUST0063,Kristie Castillo,Home Office,Germany,Mariaville,Kentucky,19887,Hesse
CUST0064,Gabriella Morris,Home Office,Canada,Davisland,Utah,90682,Central
CUST0065,Kenneth Kelly,Home Office,Germany,Rayville,Florida,45545,Bavaria
CUST0066,Rodney Taylor,Home Office,United Kingdom,Williamtown,North Carolina,50292,Wales
CUST0067,Shawn Grimes,Home Office,United Kingdom,Thomashaven,West Virginia,74658,Northern Ireland
CUST0068,Adrian Ward,Corporate,Germany,Griffinmouth,Iowa,19329,Hesse
CUST0069,Jeanne Hartman,Corporate,Canada,New Michael,California,60370,Central
CUST0070,John Robinson,Consumer,United Kingdom,Maryfort,Vermont,90804,Wales
CUST0071,Jamie Phillips,Consumer,United States,Port Sylviahaven,Massachusetts,05145,South
CUST0072,Jessica Kelly,Consumer,Australia,Port Karen,North Carolina,37503,New South Wales
CUST0073,Nicole Brown,Consumer,Germany,New Andrealand,Arkansas,19202,Hamburg
CUST0074,Ashley Cardenas,Home Office,United States,East Toniland,West Virginia,41829,Central
CUST0075,Cynthia Cook,Home Office,Australia,West Jacob,North Carolina,01866,Western Australia
CUST0076,Nicole Cooper,Corporate,Canada,Michelleberg,Maryland,33582,West
CUST0077,Paul Harris,Consumer,United States,North Adamhaven,Wyoming,75186,West
CUST0078,Keith Miranda,Corporate,Germany,Lisafort,Hawaii,37751,Berlin
CUST0079,Miguel Tate,Home Office,United Kingdom,Powellside,Ohio,94858,Northern Ireland
CUST0080,Ashley Schneider,Corporate,Canada,New Annette,Illinois,84613,East
CUST0081,Cheyenne Barrera,Corporate,United States,West Michael,Louisiana,22097,West
CUST0082,Sergio Valenzuela,Corporate,United States,New Johnathan,Oregon,04086,West
CUST0083,Michael Huff,Consumer,United States,North Mark,Arizona,72123,East
CUST0084,Kathy Green,Corporate,United States,West James,Missouri,30242,Central
CUST0085,Natasha Chen,Home Office,United States,Anthonychester,Texas,10010,South
CUST0086,Anthony Frank,Home Office,Canada,North Michelle,Idaho,65827,Central
CUST0087,Michael Miller,Home Office,Australia,Christopherside,New Mexico,75309,Western Australia
CUST0088,Christopher Little,Consumer,Canada,East Michellestad,Utah,70981,East
CUST0089,Sara Perez,Home Office,Germany,West Russell,Arkansas,02341,Berlin
CUST0090,Brian Bond,Home Office,United Kingdom,Bellmouth,Montana,50976,England
CUST0091,Anthony Alexander,Corporate,United Kingdom,North Eric,South Carolina,44094,Northern Ireland
CUST0092,Hannah Terry,Consumer,Australia,New Edwardburgh,South Carolina,30123,New South Wales
CUST0093,Dwayne White,Consumer,Germany,South Stephanie,Tennessee,02224,Berlin
CUST0094,Katherine Herman,Consumer,Germany,Port Luis,Kentucky,38563,Hamburg
CUST0095,Todd Peterson,Consumer,United States,Travisburgh,Ohio,63775,West
CUST0096,Brandon Combs,Home Office,United Kingdom,Hillside,Nebraska,65253,England
CUST0097,Troy Zamora,Home Office,Canada,Port Amy,Illinois,62437,East
CUST0098,Nicole Henson,Home Office,United States,Jeremiahton,Colorado,22084,Central
CUST0099,Melanie Lloyd,Consumer,United States,East Matthewport,New Hampshire,64382,South
CUST0100,Rachel Jenkins,Consumer,Australia,Gomezshire,Missouri,34891,Queensland
CUST0101,Linda Vasquez,Corporate,Canada,Seanfurt,Vermont,47885,Central
CUST0102,Phillip Hicks,Consumer,Australia,Lake Robertburgh,Illinois,65697,Victoria
CUST0103,Jesse Graham,Corporate,Australia,Ferrellshire,Washington,25318,Victoria
CUST0104,Christine Mooney,Home Office,United Kingdom,Sherrystad,Minnesota,38624,Scotland
CUST0105,Crystal Garcia,Consumer,United Kingdom,South Kathleenview,Alaska,89311,England
CUST0106,Michael Baldwin,Home Office,United States,Sarahville,Arizona,78548,South
CUST0107,Jonathan Mccoy,Corporate,Australia,Ruizview,Montana,65728,Queensland
CUST0108,Judith Horton,Consumer,United States,Lake Robertland,Arkansas,35698,West
CUST0109,Brett Paul,Consumer,United States,Peckborough,Maine,91581,South
CUST0110,Linda Cardenas,Consumer,Australia,Hoside,Tennessee,01394,Queensland
CUST0111,Ruben Estes,Corporate,United States,Justinville,New Jersey,03587,South
CUST0112,Erin Hunter,Home Office,Australia,Reedland,New Mexico,60414,Queensland
CUST0113,Elizabeth Jennings,Home Office,Germany,Petersonfurt,Montana,36419,Hamburg
CUST0114,Ian Miller,Home Office,United Kingdom,Port Sabrinaton,Wisconsin,56186,Northern Ireland
CUST0115,Timothy Mason,Home Office,Australia,Debbieport,Colorado,76860,Victoria
CUST0116,Brooke Turner,Home Office,United States,Thomashaven,Connecticut,43976,West
CUST0117,Timothy Meyer,Consumer,Australia,Kaylashire,Idaho,49325,New South Wales
CUST0118,Timothy Garner,Consumer,Germany,Lake Lauraburgh,Washington,29244,Bavaria
CUST0119,Angel Johnson,Home Office,Germany,Danielhaven,Utah,22381,Bavaria
CUST0120,Jessica Paul,Corporate,United Kingdom,East Susanport,Maryland,63825,England
CUST0121,Donald Williams,Consumer,United Kingdom,Joyceport,Arizona,74611,Scotland
CUST0122,Lisa Rodriguez,Home Office,Germany,Crystalhaven,Maine,59113,Hesse
CUST0123,William Wheeler,Consumer,Germany,Schmidtport,West Virginia,71396,Hamburg
CUST0124,Mark Garcia,Home Office,United States,Kellyport,Nevada,16621,South
CUST0125,Crystal Davis,Consumer,United Kingdom,Sarashire,Rhode Island,70675,Scotland
CUST0126,Amanda King,Home Office,Canada,New Jeffreystad,Connecticut,12238,East
CUST0127,Courtney Marshall,Corporate,Canada,Kramerchester,Utah,67939,Central
CUST0128,Norman Moore,Corporate,Australia,Glennmouth,Massachusetts,59444,New South Wales
CUST0129,Steven Pitts,Corporate,United Kingdom,Williechester,New Jersey,58446,England
CUST0130,Luis Thornton,Home Office,Australia,Stephaniestad,Rhode Island,88780,Queensland
CUST0131,Robert Reeves,Home Office,Germany,Friedmanville,Rhode Island,58586,Hamburg
CUST0132,Rachel Jones,Consumer,United Kingdom,Nguyenport,New Jersey,82490,Wales
CUST0133,James Bennett,Home Office,United States,Jasonton,Iowa,58168,West
CUST0134,Kyle Glass,Corporate,Canada,Cindymouth,Montana,77926,East
CUST0135,Marcus Sullivan,Home Office,Australia,West Debrastad,Montana,72601,Queensland
CUST0136,Jennifer Miller,Home Office,United States,North Joann,Arizona,24797,West
CUST0137,Christopher Cline,Corporate,Canada,Lake Kristinafort,Georgia,41194,East
CUST0138,Christopher Black,Consumer,Australia,South Kathleen,Tennessee,07182,Queensland
CUST0139,Melanie Brady,Consumer,United Kingdom,Larryville,West Virginia,09975,England
CUST0140,Nicholas Young,Home Office,Australia,Markmouth,Colorado,56710,Queensland
CUST0141,Edward Conrad,Corporate,Germany,Lowestad,Nevada,62275,Hesse
CUST0142,Jordan Huffman,Consumer,United States,North Elizabeth,Delaware,58413,East
CUST0143,Lauren Moore,Home Office,Australia,Johnmouth,New York,95373,Western Australia
CUST0144,Elizabeth Meyers,Home Office,United States,Humphreyburgh,Kentucky,16988,East
CUST0145,David Smith,Consumer,United States,West Julie,Alabama,96664,East
CUST0146,Rachel Wilkerson,Corporate,Germany,South Julian,Wisconsin,05208,Bavaria
CUST0147,Anthony Webb,Home Office,United Kingdom,Garciaton,Florida,03640,Scotland
CUST0148,Joshua Richmond DDS,Corporate,Australia,South Paulberg,West Virginia,04549,Queensland
CUST0149,Sara Bowen,Corporate,Canada,Markside,Connecticut,60925,Central
CUST0150,Larry Miller,Consumer,Germany,Riveraland,Montana,60611,Berlin
CUST0151,Keith Martin,Home Office,Canada,North Marctown,Kansas,01488,West
CUST0152,Johnny Vaughn,Consumer,United Kingdom,Graystad,Louisiana,55431,Northern Ireland
CUST0153,Michael Garcia,Home Office,United States,Jonathanfurt,Texas,96173,South
CUST0154,Noah Morgan,Corporate,Canada,Andersonmouth,Missouri,59985,Central
CUST0155,Kevin Jacobs,Home Office,Australia,West Andreastad,Nevada,91712,Queensland
CUST0156,Samantha King,Home Office,United States,Lake Ellen,Oregon,59583,West
CUST0157,Elizabeth Brown,Corporate,United Kingdom,Mollyshire,Virginia,04567,Wales
CUST0158,Elizabeth Ware,Corporate,Germany,Glassland,New Jersey,77264,Bavaria
CUST0159,Zachary Lewis,Home Office,Canada,Milesland,Wisconsin,25449,West
CUST0160,Jason Hamilton,Home Office,Germany,Lake Jocelyn,Wisconsin,10825,Bavaria
CUST0161,Charles Butler,Consumer,Australia,Jamesberg,Connecticut,50445,New South Wales
CUST0162,Dylan Morris,Home Office,United Kingdom,Davidview,Vermont,45584,Scotland
CUST0163,Jennifer Clark,Consumer,Germany,West Rebecca,Colorado,82486,Hamburg
CUST0164,Zachary Patterson,Home Office,Germany,Ericafurt,Montana,93093,Hamburg
CUST0165,Julie Jones,Consumer,United Kingdom,Carterfurt,Nebraska,65425,Northern Ireland
CUST0166,Robin Smith,Home Office,Australia,Pierceview,Georgia,12601,New South Wales
CUST0167,Megan Jones,Corporate,Germany,Phillipschester,Idaho,57127,Bavaria
CUST0168,Douglas Stewart,Home Office,Canada,South Cynthiaview,Colorado,64850,East
CUST0169,Kenneth Nguyen,Corporate,Germany,Karlaside,Missouri,66940,Hamburg
CUST0170,Jo Jackson,Home Office,Australia,Toddport,Virginia,43353,New South Wales
CUST0171,Kelly Newman,Corporate,Germany,New Amberberg,Alabama,24846,Hamburg
CUST0172,Stephanie Ramirez,Corporate,United States,South Mary,Hawaii,17144,Central
CUST0173,William Miller,Home Office,Australia,Paulstad,New Jersey,38224,New South Wales
CUST0174,Wendy Jordan,Consumer,United Kingdom,Coopermouth,Tennessee,81083,Northern Ireland
CUST0175,Isabella Huynh,Corporate,Australia,Jenniferfurt,Virginia,46737,Western Australia
CUST0176,Tracey Prince,Consumer,Germany,North Jonathan,Hawaii,97009,Berlin
CUST0177,Mr. Thomas Chambers,Corporate,Germany,Kylemouth,Louisiana,58469,Bavaria
CUST0178,Courtney Russell,Consumer,United Kingdom,West Charles,Maryland,12979,Scotland
CUST0179,Matthew Ware,Home Office,Canada,Watersborough,New Hampshire,61566,East
CUST0180,Connie Hoffman,Consumer,United States,Maryshire,Oklahoma,32525,Central
CUST0181,Kelly Harris,Corporate,Germany,South Kennethfort,Texas,85605,Bavaria
CUST0182,Brandy Brooks,Consumer,United Kingdom,New Michelle,Idaho,56843,Northern Ireland
CUST0183,James Aguilar II,Corporate,United Kingdom,Robinton,Vermont,06103,Scotland
CUST0184,Mr. Steven Frazier,Home Office,Germany,Alisonview,West Virginia,45255,Bavaria
CUST0185,Casey Ellis,Corporate,United States,Fieldsmouth,Pennsylvania,50485,Central
CUST0186,Tammy Curry,Consumer,Germany,New Lisa,Illinois,07664,Hamburg
CUST0187,Rebecca Scott,Corporate,Canada,Port Robert,Tennessee,04372,East
CUST0188,Christopher Scott,Corporate,United States,South Darren,North Carolina,70834,East
CUST0189,Lisa Richardson,Consumer,Canada,Crossstad,Ohio,04362,East
CUST0190,Shannon Ochoa,Corporate,Canada,West Ryantown,Vermont,02325,Central
CUST0191,Maria Stuart,Home Office,Germany,Kathleenfort,Massachusetts,53151,Berlin
CUST0192,Henry Joseph,Corporate,Australia,Charlesview,Texas,68143,New South Wales
CUST0193,David Carter,Corporate,United Kingdom,East Daveshire,Utah,04683,Scotland
CUST0194,Mr. Alexander Maldonado DDS,Consumer,Australia,Jamesview,New Jersey,83357,Western Australia
CUST0195,Dustin Greene,Consumer,Canada,East Heatherhaven,Georgia,24701,East
CUST0196,David Medina,Consumer,Canada,Farrellhaven,Illinois,94322,East
CUST0197,Maria Young,Corporate,United States,North Mikayla,Kansas,49776,West
CUST0198,Christopher Murray,Home Office,Australia,South Autumnberg,North Dakota,05595,Queensland
CUST0199,Kayla Davis,Home Office,United Kingdom,South Justin,Arizona,97847,Wales
CUST0200,Justin Hernandez,Consumer,Australia,West Kimtown,Kentucky,64569,New South Wales
CUST0201,Catherine Short,Consumer,Germany,West Margaret,North Carolina,34614,Hamburg
CUST0202,Allison Gibson,Consumer,Germany,Stoneshire,Rhode Island,42184,Hesse
CUST0203,Sarah Good,Consumer,Germany,North Matthew,Nevada,42147,Hamburg
CUST0204,Donna Peters,Consumer,Germany,Kimberlyberg,Colorado,72376,Berlin
CUST0205,Jeffrey Harris,Corporate,Australia,Reedside,Delaware,78997,New South Wales
CUST0206,Mrs. Lisa Pope,Consumer,Germany,Adkinsbury,North Dakota,28233,Hesse
CUST0207,Kayla Rodriguez,Home Office,Canada,Port Donald,Alaska,47794,West
CUST0208,Stacie Reid,Corporate,United States,Lake Kristinberg,Kansas,14224,West
CUST0209,Gregory Hunter,Home Office,Australia,North Margaret,Louisiana,55489,Queensland
CUST0210,Jessica Moore,Consumer,United Kingdom,Christopherhaven,Missouri,30853,Northern Ireland
CUST0211,Isaiah Lester,Corporate,Canada,Elizabethhaven,Georgia,97623,East
CUST0212,Matthew Massey,Corporate,Canada,Lake Shannonborough,Ohio,64607,Central
CUST0213,Donna Mitchell,Home Office,Germany,North Emily,New Hampshire,80665,Hamburg
CUST0214,Robert Guzman,Corporate,United States,Cooperhaven,Kansas,64184,West
CUST0215,Nicole Mckinney,Corporate,United States,West Johnview,New Mexico,91773,Central
CUST0216,Brian Cervantes,Consumer,United Kingdom,Lake Victoriaview,Nevada,50564,Wales
CUST0217,Alex Garcia,Consumer,Germany,West Dwayneberg,Maryland,90413,Hamburg
CUST0218,Heather Clark,Home Office,Germany,West Joshuastad,Delaware,20475,Bavaria
CUST0219,Carlos Hunter,Home Office,United Kingdom,Richardmouth,Illinois,69870,Wales
CUST0220,Amanda Lawrence,Corporate,Canada,North Maurice,Arizona,45428,Central
CUST0221,Sally Brown,Corporate,United Kingdom,New Michael,Minnesota,20283,Wales
CUST0222,Wendy Hopkins,Home Office,Canada,New Mariaton,Minnesota,82175,West
CUST0223,Andrew Dominguez,Corporate,United States,South Rebeccaburgh,Hawaii,45853,West
CUST0224,Steven Smith,Consumer,United States,Christineton,Nebraska,74232,East
CUST0225,Elijah Montes,Home Office,United States,Port Maryfurt,Oregon,43848,West
CUST0226,Stacey Benson,Consumer,Australia,Wilkinsstad,Colorado,02488,Western Australia
CUST0227,Tyler Wong MD,Home Office,Australia,Joeberg,Utah,63162,New South Wales
CUST0228,Taylor Herring,Corporate,Germany,New Tammyport,Idaho,83570,Berlin
CUST0229,Cathy Rodriguez,Corporate,Canada,Schultzbury,Nebraska,16701,Central
CUST0230,Annette Hill,Corporate,United States,Richardsport,Virginia,79713,West
CUST0231,Francisco Bush,Corporate,Canada,South Matthewfurt,Michigan,02320,Central
CUST0232,Christopher Harris,Home Office,Australia,Johnsonstad,South Carolina,24925,Queensland
CUST0233,Brian Mcdowell,Corporate,United States,Smithtown,California,32440,Central
CUST0234,Kathleen Simon,Corporate,Germany,West Anna,Ohio,03297,Bavaria
CUST0235,Jennifer Hill,Home Office,United States,Levyburgh,Massachusetts,80220,East
CUST0236,Robert Ferguson,Consumer,Germany,Jackieview,Connecticut,07646,Berlin
CUST0237,John Malone,Corporate,Germany,South John,Oklahoma,82039,Bavaria
CUST0238,Matthew Barton,Corporate,Germany,Wilsonchester,New Hampshire,11775,Hesse
CUST0239,Michael Evans,Corporate,Germany,New Annmouth,Florida,72820,Bavaria
CUST0240,Tracy Mcbride,Corporate,Canada,West Derrick,Nevada,80798,Central
CUST0241,Carlos Johnson,Consumer,United States,Bryanhaven,Michigan,58000,West
CUST0242,Corey Ballard,Home Office,Australia,West Davidport,Massachusetts,60397,Queensland
CUST0243,Kimberly Grant,Consumer,United Kingdom,West Heather,New Hampshire,78879,England
CUST0244,Sandra Stout,Home Office,United States,Stevensview,Georgia,86960,South
CUST0245,Laura Owens,Corporate,United States,North Roger,Wisconsin,00594,South
CUST0246,George Morrison,Consumer,United Kingdom,East Andrew,North Carolina,87826,Wales
CUST0247,Richard Maldonado,Consumer,Canada,Edwardsport,Arizona,33371,East
CUST0248,Jennifer Holmes,Corporate,Canada,Davidburgh,Wisconsin,46586,East
CUST0249,Amber Walker,Home Office,Canada,New Diana,Virginia,91223,Central
CUST0250,Jeffrey White,Consumer,United States,Poncemouth,Illinois,25622,East
CUST0251,Angel Price,Consumer,United Kingdom,East Madisonshire,Arkansas,46685,Northern Ireland
CUST0252,Mr. Alexander Cook,Consumer,Germany,Lewisborough,New York,99636,Hamburg
CUST0253,Patricia Greer,Consumer,United States,North John,Michigan,97443,West
CUST0254,Michael Greene,Home Office,United Kingdom,North Taylorview,Michigan,74412,Wales
CUST0255,Tyler Roberts,Consumer,United Kingdom,Hansonhaven,Arkansas,16473,Wales
CUST0256,Annette Armstrong,Corporate,Germany,Davilaburgh,New Jersey,52650,Hesse
CUST0257,Diana Carson,Home Office,Germany,Johnstonport,Wisconsin,94067,Hamburg
CUST0258,Timothy Blair,Consumer,Germany,East Joanmouth,North Carolina,20551,Hesse
CUST0259,Kevin Wright,Consumer,Australia,North Shannon,Illinois,37417,Victoria
CUST0260,George Perez,Corporate,United States,Bauerborough,Texas,60904,Central
CUST0261,Nathan Martinez,Corporate,United Kingdom,Lisaburgh,New York,69770,Wales
CUST0262,Taylor Scott,Home Office,Canada,Mollyton,Wisconsin,86833,Central
CUST0263,Rebecca Campbell,Corporate,Australia,South Thomasberg,Utah,29170,Victoria
CUST0264,Jorge Roth,Home Office,United Kingdom,Larryborough,Nevada,17242,England
CUST0265,Richard Frey,Corporate,Canada,Millerton,Texas,94905,Central
CUST0266,Paige Quinn,Home Office,Canada,Robertville,South Dakota,53982,Central
CUST0267,Donald Boyd,Consumer,Canada,West Elizabeth,Nebraska,36855,West
CUST0268,John Howard,Corporate,Australia,Hollyview,Rhode Island,09527,Queensland
CUST0269,Heather Jackson,Home Office,United States,New Kevinside,Kentucky,48556,East
CUST0270,Jose Clark,Consumer,United States,West Clintonchester,Colorado,96808,West
CUST0271,David Boyd,Consumer,Canada,Kimberlyshire,Florida,78659,East
CUST0272,Andrea Cooper,Consumer,Canada,Lake Stevenchester,Idaho,58682,East
CUST0273,Jonathan Collier,Consumer,Australia,South Bryanside,New Jersey,61348,Western Australia
CUST0274,Colleen Mckenzie,Home Office,Germany,Josephstad,Oregon,90914,Berlin
CUST0275,John Mills,Home Office,Canada,South Jonathanbury,New Mexico,51725,West
CUST0276,Troy Garcia,Home Office,Canada,North Philipmouth,New Hampshire,74341,East
CUST0277,Jose Jones,Corporate,Canada,Lake Andresmouth,New Hampshire,92898,West
CUST0278,Michael Jones,Corporate,Australia,Wagnerside,Kansas,50785,Queensland
CUST0279,Rebecca Bush,Consumer,United Kingdom,North Jonathan,West Virginia,12844,Wales
CUST0280,Matthew Wolf,Consumer,Australia,Brownmouth,Louisiana,39068,Western Australia
CUST0281,Angela Bennett,Home Office,Australia,South Jacquelineland,Wyoming,80378,New South Wales
CUST0282,Rebecca Conrad,Consumer,United Kingdom,South Debra,Mississippi,31538,Northern Ireland
CUST0283,Kent Taylor,Home Office,Canada,Kathleenview,Mississippi,21470,East
CUST0284,Mr. Jacob Watson,Home Office,Canada,South Nathanhaven,Delaware,88431,West
CUST0285,Michael Hoover,Consumer,United States,Simonborough,Alaska,17283,South
CUST0286,Thomas Jordan,Consumer,United Kingdom,Schroederhaven,New Mexico,66880,England
CUST0287,Susan Willis,Corporate,Australia,Port Nicholasborough,Missouri,95759,Victoria
CUST0288,Dr. Steven Todd,Consumer,Canada,North Emilytown,North Carolina,08597,East
CUST0289,Tyler Waller,Home Office,Germany,Martinborough,New Jersey,97608,Hesse
CUST0290,Christopher Campbell MD,Consumer,United Kingdom,New Gregoryhaven,South Carolina,03645,Scotland
CUST0291,Lauren Howard,Home Office,Australia,East Rebeccaport,New York,19576,Victoria
CUST0292,Christina Bowman,Consumer,United States,South Kimberly,Pennsylvania,15927,East
CUST0293,Timothy Lane,Consumer,Australia,Charleschester,Wyoming,56444,Western Australia
CUST0294,Jeremy Schmidt,Corporate,United Kingdom,Marshside,Mississippi,51402,Wales
CUST0295,William Wood,Home Office,Australia,South Cynthiaborough,Iowa,44378,New South Wales
CUST0296,Stephanie Daniel,Corporate,Australia,Port Todd,South Dakota,50535,Queensland
CUST0297,Jonathan Smith,Home Office,United Kingdom,East Denisemouth,Massachusetts,24662,Northern Ireland
CUST0298,Raven Hill,Consumer,Germany,Brianberg,Maryland,21661,Bavaria
CUST0299,Kari Thompson,Consumer,United States,West Michelle,Oregon,57909,East
CUST0300,Brent Sherman,Corporate,Australia,Jefferyfurt,South Carolina,98720,Victoria
CUST0301,Amy Craig,Home Office,Canada,Melissaview,Alabama,80061,Central
CUST0302,Mark Kennedy,Home Office,Canada,Lake Janicefurt,Arizona,63778,Central
CUST0303,Keith Williams,Home Office,Canada,Patricialand,Kentucky,14732,Central
CUST0304,Jasmine Howell,Home Office,Canada,Wilcoxbury,Montana,57282,Central
CUST0305,Joseph Mullins,Home Office,Canada,Dylanborough,Vermont,73502,East
CUST0306,Zachary Smith,Corporate,United States,Jenniferfurt,Colorado,64191,West
CUST0307,Roger Jackson,Home Office,Australia,Kevinside,Wyoming,03188,New South Wales
CUST0308,Luis Thompson,Corporate,Australia,Port Daniel,North Carolina,43884,Queensland
CUST0309,Christopher Brown,Consumer,United Kingdom,Mckinneyside,South Dakota,17857,Northern Ireland
CUST0310,Kimberly Frank,Corporate,Australia,Diazview,Alaska,44017,Western Australia
CUST0311,Angela Walters,Home Office,Germany,Mannbury,Arizona,71030,Hesse
CUST0312,Christopher Young,Consumer,Germany,North Jeremy,Michigan,06793,Berlin
CUST0313,Megan Parker,Consumer,Canada,New Ruben,Vermont,73618,East
CUST0314,Ryan Stevenson,Home Office,United States,Jeffreymouth,Oklahoma,14962,South
CUST0315,Evelyn Waters,Corporate,Canada,Rachelside,South Dakota,81656,East
CUST0316,Laura Huerta,Consumer,United Kingdom,Michaelborough,Washington,93770,Scotland
CUST0317,Katherine Brown,Home Office,United States,Stephensbury,Hawaii,12802,West
CUST0318,Lori Miller,Home Office,United States,Townsendland,Arkansas,47774,East
CUST0319,Nicole Sweeney,Consumer,United States,East Cody,Michigan,20915,Central
CUST0320,Aaron Johnson,Home Office,Germany,Leestad,Alabama,21495,Berlin
CUST0321,Amanda Wilkinson,Consumer,United States,South Jeffrey,Massachusetts,76415,Central
CUST0322,Megan Rice,Consumer,United States,East Heatherside,South Carolina,01117,Central
CUST0323,Edward Hall,Consumer,United States,Blevinsstad,California,15932,East
CUST0324,Mandy Pratt,Consumer,Australia,Hoside,West Virginia,29931,Victoria
CUST0325,Roger Young,Consumer,Australia,Port Joyhaven,Washington,89905,Queensland
CUST0326,Veronica Richardson,Consumer,Germany,Brandonland,New Hampshire,23655,Hesse
CUST0327,Carolyn Davis,Corporate,United States,New Terryland,Maryland,73687,South
CUST0328,James Watson,Home Office,Australia,Michaelville,Montana,23004,Victoria
CUST0329,Christina Navarro,Home Office,United Kingdom,Emilyfurt,Arizona,08006,Scotland
CUST0330,Misty Miller,Consumer,United Kingdom,Lake Shannon,Georgia,93061,England
CUST0331,Robert Cervantes,Corporate,Germany,Kochmouth,Idaho,16902,Hamburg
CUST0332,Mary Humphrey,Corporate,United Kingdom,Evanston,Nevada,91218,Northern Ireland
CUST0333,Curtis Francis,Home Office,United States,Port Michele,Oregon,98082,Central
CUST0334,Joshua Stokes,Home Office,United Kingdom,South Brandonmouth,Iowa,27599,Northern Ireland
CUST0335,Christopher Warner,Corporate,Australia,North Derrick,Virginia,55207,Western Australia
CUST0336,Jennifer Anthony,Home Office,Australia,Amandachester,Wisconsin,08182,Western Australia
CUST0337,William Kelley,Consumer,United Kingdom,South Adrianborough,North Carolina,80923,Scotland
CUST0338,Karen Barr,Home Office,United Kingdom,Conwayville,North Dakota,44557,Wales
CUST0339,Joshua Brown,Consumer,United Kingdom,Michaelaburgh,Pennsylvania,48583,Wales
CUST0340,Nicholas Sullivan,Home Office,Germany,Pittsview,Minnesota,96811,Berlin
CUST0341,Brandon Palmer,Home Office,United States,Dianaview,Louisiana,34813,South
CUST0342,Tricia Welch,Corporate,Germany,Port Lawrence,New Jersey,42225,Hesse
CUST0343,Dr. Peggy Wilson,Corporate,Germany,North Scottfort,Georgia,15540,Bavaria
CUST0344,Julie Shaffer,Consumer,Canada,Rodriguezmouth,Alabama,98774,East
CUST0345,Ronald Clark,Consumer,Australia,East Amyside,Oregon,36225,Victoria
CUST0346,Kristi Villanueva,Home Office,Canada,Michaelshire,Maryland,18800,Central
CUST0347,Laura Johnson,Corporate,United States,South Rickfurt,Arizona,06546,South
CUST0348,Julia Rosales,Corporate,Australia,Duncanside,Ohio,58241,New South Wales
CUST0349,Elizabeth Burch,Consumer,United States,East Antonio,Alabama,04775,Central
CUST0350,Brian Wilson,Home Office,United States,North Feliciachester,Oklahoma,77604,West
CUST0351,Madison Walker,Home Office,United States,Connortown,Ohio,67620,South
CUST0352,Daniel Washington,Home Office,United States,Jordanborough,Kansas,46143,West
CUST0353,Bryan Smith,Home Office,Canada,South Bradleyshire,South Carolina,81090,East
CUST0354,William Garcia,Corporate,United Kingdom,South Ronnieton,Kansas,30984,Scotland
CUST0355,Roberto Peterson,Corporate,United Kingdom,Port Gina,New York,21217,England
CUST0356,Danielle Snyder,Corporate,United Kingdom,North Miguel,Texas,34319,Wales
CUST0357,Jay Weiss,Corporate,United Kingdom,New Lisa,New Jersey,41280,Wales
CUST0358,Kristie Dunn MD,Consumer,United States,Port Jennifer,Hawaii,10372,Central
CUST0359,William Montgomery,Consumer,Canada,Harrishaven,Georgia,20268,West
CUST0360,Darlene Mcgee,Consumer,United Kingdom,Gabrielfurt,Georgia,82727,England
CUST0361,Tiffany Mckay,Home Office,Germany,West Christopherberg,Utah,37006,Berlin
CUST0362,Stephanie Bishop,Home Office,Germany,Michaelton,Oregon,12989,Hesse
CUST0363,Chad Martinez,Consumer,Canada,Sanchezport,Alaska,11125,Central
CUST0364,Gregory Butler,Consumer,Australia,Mcguireborough,Ohio,89493,Western Australia
CUST0365,Jessica Marks,Consumer,United Kingdom,East Keithtown,Texas,30132,Scotland
CUST0366,Ethan Rodriguez,Corporate,United States,Lawrencefort,Montana,66669,West
CUST0367,Beth Walsh,Consumer,Germany,Amandashire,Colorado,08248,Berlin
CUST0368,Carly Richardson,Home Office,Australia,Jeffreyton,Minnesota,50227,Queensland
CUST0369,Elizabeth Barnett,Home Office,Germany,Kristenmouth,New Mexico,68574,Hamburg
CUST0370,Lauren Ingram,Corporate,Germany,Ruthbury,Alaska,79532,Hamburg
CUST0371,Michelle Shields,Consumer,Canada,Jerryfurt,Utah,14676,Central
CUST0372,Jonathan Hart,Corporate,Canada,Port Karen,Minnesota,51800,West
CUST0373,Craig Rodriguez DDS,Corporate,United Kingdom,Michaelside,Tennessee,46972,Scotland
CUST0374,Mitchell Ellis,Consumer,Germany,Port Tinaland,New Jersey,87859,Berlin
CUST0375,Christopher Robinson,Corporate,Australia,East Christopherfort,Arizona,45735,Victoria
CUST0376,Tiffany Price,Consumer,United Kingdom,South Zacharybury,Delaware,42993,England
CUST0377,Kristopher Lin,Corporate,United States,Dawsonmouth,Missouri,35322,South
CUST0378,Blake Evans,Home Office,United Kingdom,Port Robert,Maine,84837,Scotland
CUST0379,Mrs. Danielle Dawson,Home Office,Canada,Matthewport,Idaho,79608,East
CUST0380,Jacob Carpenter,Corporate,Canada,Norrismouth,Ohio,64714,West
CUST0381,Maria Nguyen,Consumer,United Kingdom,Coltonmouth,South Dakota,74907,Northern Ireland
CUST0382,Paul Fitzgerald,Home Office,United States,West Luis,Pennsylvania,53046,Central
CUST0383,Maria Hampton,Consumer,United States,Port Amandahaven,North Carolina,42256,West
CUST0384,David Martin,Home Office,Germany,Davidberg,Maine,99325,Hesse
CUST0385,Christina Ward,Home Office,United Kingdom,Garystad,Massachusetts,38399,Scotland
CUST0386,Rachael Rice,Home Office,Canada,East Jessica,Connecticut,64670,East
CUST0387,Justin Stephens,Corporate,United States,New Chelseashire,Hawaii,28251,Central
CUST0388,Wendy Brown,Corporate,Germany,West Lesliefurt,South Dakota,96908,Hesse
CUST0389,Nicole Mccann,Consumer,Germany,New Brooke,Arkansas,06487,Berlin
CUST0390,Derek Larson,Corporate,Canada,Wilsonfurt,Missouri,34543,Central
CUST0391,Victor Logan,Home Office,Canada,Beckberg,South Carolina,81447,East
CUST0392,Brandon Bryant,Consumer,United Kingdom,Brandistad,Tennessee,27992,Scotland
CUST0393,Linda Booth,Corporate,United Kingdom,Christopherborough,Maryland,57085,Wales
CUST0394,John Sanchez,Corporate,United States,Caldwellport,New Hampshire,92004,South
CUST0395,Kathleen Lamb,Home Office,Germany,Jacksonside,Wisconsin,81914,Bavaria
CUST0396,Sean Flores,Home Office,Australia,Lake Morganville,Washington,84745,Victoria
CUST0397,Christopher Gray,Consumer,Germany,West Barry,Florida,75515,Berlin
CUST0398,Rhonda Gordon,Corporate,Australia,East Riley,Iowa,16030,Western Australia
CUST0399,Sarah Wilson,Consumer,United States,Paulshire,Florida,42382,West
CUST0400,Brian Medina,Consumer,United Kingdom,West Austinshire,Wisconsin,96100,England
CUST0401,Andrew Stone,Consumer,Australia,Moralestown,Nevada,08344,Victoria
CUST0402,Trevor Taylor,Consumer,Canada,Ricardochester,Michigan,16369,East
CUST0403,Linda Buck,Home Office,Australia,East Robert,Kansas,90959,Western Australia
CUST0404,Beth Johnson,Consumer,Canada,North Thomas,Maine,02859,Central
CUST0405,Matthew Crawford,Corporate,Australia,Schmidtton,Hawaii,44615,Queensland
CUST0406,Julie Thompson,Corporate,United States,Amandatown,Wisconsin,71393,Central
CUST0407,Suzanne Roberts,Corporate,United Kingdom,Gabrielamouth,Tennessee,92323,Scotland
CUST0408,Dr. Jean Dawson DDS,Consumer,Australia,Port Daniel,Delaware,29114,Queensland
CUST0409,Richard Gordon,Home Office,Canada,Port Mary,Rhode Island,03993,Central
CUST0410,Jeremy Weber,Consumer,United Kingdom,Duffyborough,Delaware,60336,Scotland
CUST0411,Craig Harris,Corporate,United States,Port William,Michigan,32678,West
CUST0412,Dale Hahn,Consumer,Australia,Williamsburgh,Michigan,88182,Victoria
CUST0413,Bradley Wright,Consumer,Canada,North Donaldfort,Oklahoma,84705,East
CUST0414,Devon Jones,Home Office,Australia,Port Tammymouth,Maryland,65877,Victoria
CUST0415,Karen Hudson,Corporate,Australia,Port Donnastad,Pennsylvania,19114,Victoria
CUST0416,Gabrielle Meyer,Corporate,Canada,Stoneview,New Mexico,28147,East
CUST0417,Karen Mullins,Home Office,Germany,South Meganbury,Maine,42650,Bavaria
CUST0418,Amanda York,Consumer,Canada,North Bill,Ohio,90676,West
CUST0419,David Harris,Corporate,Australia,Connerhaven,California,32651,Queensland
CUST0420,William Jackson,Corporate,United Kingdom,North Richardborough,Kansas,56424,Scotland
CUST0421,Pamela Moore,Home Office,United States,Allenton,Virginia,13410,South
CUST0422,Joseph Melendez,Home Office,United Kingdom,Rivasside,Washington,21908,Northern Ireland
CUST0423,Brian Merritt,Corporate,Canada,New Shannonmouth,New Mexico,88339,East
CUST0424,Kristen Flores,Home Office,United States,Christopherview,Oklahoma,11565,West
CUST0425,Rebecca Ross,Consumer,Germany,North Michelle,Vermont,87027,Hesse
CUST0426,Rebecca Guerra,Home Office,Canada,North Stephanie,Nebraska,68774,Central
CUST0427,Daniel Marshall,Corporate,Australia,Johnsonbury,California,27274,Western Australia
CUST0428,Andrea Riggs,Consumer,Australia,East Leefurt,Tennessee,29067,New South Wales
CUST0429,Laurie Gates,Corporate,United Kingdom,Port Kellie,New York,09380,Wales
CUST0430,Shari Nichols,Corporate,United States,West Jeremy,Arizona,98830,West
CUST0431,Anthony Dennis,Consumer,United Kingdom,Robertbury,North Carolina,64116,Wales
CUST0432,Laura Burton,Home Office,United States,Port Destiny,Mississippi,13276,West
CUST0433,Lauren Higgins,Consumer,United States,Smithside,Wisconsin,23573,Central
CUST0434,Logan Arnold,Consumer,United States,East Josephberg,Wisconsin,23722,Central
CUST0435,Rachel Lin,Home Office,United Kingdom,Paulchester,Washington,65522,Northern Ireland
CUST0436,Jason Lewis,Consumer,Australia,Michellehaven,Illinois,70570,Western Australia
CUST0437,Edward Harding,Corporate,Germany,Jennabury,New Jersey,04127,Berlin
CUST0438,William Watson,Consumer,United States,Turnerberg,Kansas,11150,West
CUST0439,Robin Harvey,Home Office,Canada,Nicholasshire,Delaware,24440,West
CUST0440,Glenn Koch,Consumer,Canada,Shelbybury,Louisiana,05887,West
CUST0441,Vincent Williams,Home Office,United Kingdom,East Charlotteshire,Iowa,44547,Scotland
CUST0442,Jacqueline Curry,Corporate,United Kingdom,Parsonsfort,Pennsylvania,67106,England
CUST0443,Brandon Park,Home Office,Germany,New Erika,Kentucky,70018,Berlin
CUST0444,Paul Matthews,Corporate,United States,Jimmymouth,Alaska,25575,Central
CUST0445,Scott Martin,Home Office,United States,West Kyle,Montana,82546,South
CUST0446,James Duran,Home Office,United States,New Wendyville,Maine,85859,West
CUST0447,Cynthia Singleton,Consumer,Canada,Christianview,Minnesota,25624,East
CUST0448,Sandra Gray,Home Office,United States,Tiffanyview,Maryland,36688,South
CUST0449,Rachel James,Consumer,Australia,Tylerview,Massachusetts,35479,Victoria
CUST0450,Anthony Taylor DVM,Home Office,Canada,Port Sarahmouth,Florida,75439,Central
CUST0451,Alexander Mcclain,Home Office,Canada,West Dennismouth,New Mexico,23102,Central
CUST0452,Jennifer Kim,Consumer,United Kingdom,Lake Ginamouth,Michigan,79191,England
CUST0453,Alison Reynolds,Consumer,Australia,South Kathyfurt,Maine,97044,Queensland
CUST0454,Katherine Taylor,Corporate,Canada,Marychester,California,99160,Central
CUST0455,Pamela Gibson,Home Office,Australia,Phillipsmouth,Texas,09554,New South Wales
CUST0456,Calvin Nicholson,Home Office,United Kingdom,Johnside,California,19417,England
CUST0457,Tyler Rodriguez,Corporate,United States,Gallaghermouth,Arizona,92770,West
CUST0458,Brian Castillo,Corporate,Australia,New Jennifer,Montana,23159,Western Australia
CUST0459,Brenda Mcdonald,Home Office,Australia,Port Rachelchester,Oregon,50313,Victoria
CUST0460,Benjamin Jones,Corporate,Australia,Grantmouth,Colorado,96626,Western Australia
CUST0461,Mrs. Deanna Stevens,Corporate,Australia,Melanieborough,Tennessee,50182,New South Wales
CUST0462,David Bennett,Consumer,United States,Cristinahaven,Ohio,48624,South
CUST0463,Rhonda Hunter,Home Office,United Kingdom,New Johnton,South Dakota,39863,Wales
CUST0464,Maurice Garcia,Home Office,Canada,Port Bridgethaven,California,75360,Central
CUST0465,Jose Wilson,Home Office,Australia,Lake Brianburgh,Nebraska,36813,Western Australia
CUST0466,Nicole Sims,Corporate,Australia,Garrisonmouth,South Carolina,67737,Victoria
CUST0467,Nicole Hoffman,Corporate,Canada,Steventown,Nebraska,42849,East
CUST0468,Robert Hill,Corporate,United Kingdom,South Katiestad,New Jersey,76855,England
CUST0469,Allen Cook,Corporate,United Kingdom,New Katelyn,Ohio,09343,Scotland
CUST0470,Rebekah Sosa,Corporate,Australia,North Sherryland,Arizona,98905,Western Australia
CUST0471,Bridget Garrison,Corporate,Australia,Jackburgh,Connecticut,67624,Queensland
CUST0472,Henry Peterson,Corporate,Germany,Jamesview,Massachusetts,97434,Hesse
CUST0473,Harry Lewis,Home Office,Canada,West Jessicamouth,West Virginia,97937,East
CUST0474,Gina Wood,Corporate,Canada,West Johnchester,Florida,96341,Central
CUST0475,Chase Holmes,Home Office,Canada,Donnaview,Louisiana,30105,East
CUST0476,Michael Vargas,Consumer,Australia,Lake Anthonyborough,Washington,18016,Queensland
CUST0477,Jonathan Robinson,Home Office,Germany,East Anthony,Kentucky,53600,Bavaria
CUST0478,Diane Bradley,Consumer,Canada,North Lisaborough,Nebraska,66431,East
CUST0479,Kevin Wood,Corporate,Germany,Port David,North Carolina,21279,Bavaria
CUST0480,Lisa Gonzales,Home Office,Canada,Andersonville,Connecticut,38301,Central
CUST0481,Donna Mcgrath,Consumer,Canada,Johnside,West Virginia,67509,West
CUST0482,Brent Martinez,Corporate,Germany,Lopezshire,North Carolina,46482,Berlin
CUST0483,Pamela Erickson,Home Office,Canada,Jennifermouth,Georgia,87574,East
CUST0484,Crystal Huang,Corporate,United Kingdom,Kylestad,Iowa,95582,England
CUST0485,Johnathan Yu,Consumer,Australia,East Jameston,Georgia,74145,Western Australia
CUST0486,Chelsea Wagner,Consumer,United States,Harveystad,South Dakota,33717,South
CUST0487,Laura Brown,Home Office,Australia,East Saraberg,California,90810,Western Australia
CUST0488,Marissa Miles,Home Office,United Kingdom,Jadestad,Colorado,73038,England
CUST0489,Traci Tate,Consumer,United Kingdom,New Shanemouth,Colorado,25533,Northern Ireland
CUST0490,Lisa Jones,Corporate,Germany,Lake Christopherberg,North Carolina,57920,Bavaria
CUST0491,William Bowman,Consumer,Germany,Port Keithview,Michigan,02217,Berlin
CUST0492,Brian Bailey,Corporate,Australia,Longside,Alaska,09282,New South Wales
CUST0493,Gregory Wolfe,Consumer,United Kingdom,Jonestown,Utah,83370,England
CUST0494,Timothy Duran,Home Office,Canada,Christianbury,Wyoming,37727,Central
CUST0495,Kenneth Bailey,Home Office,Canada,East Michael,Oregon,37225,West
CUST0496,Shane Hines,Consumer,Canada,Ashleystad,Alaska,11888,West
CUST0497,Mariah Jacobs,Home Office,United States,Davisbury,Missouri,09371,West
CUST0498,Dawn Chang,Consumer,United States,Larrystad,Michigan,97455,West
CUST0499,Thomas Cruz,Corporate,Germany,Elijahhaven,Arizona,49115,Bavaria
CUST0500,Elizabeth Lucero,Consumer,United Kingdom,Brandimouth,Colorado,28238,Northern Ireland
CUST0501,Jaime Cobb,Corporate,United Kingdom,Victorfurt,Nevada,61353,Wales
CUST0502,Gary Noble,Home Office,Canada,Lake Andrew,Alaska,53284,Central
CUST0503,Whitney Hood,Home Office,Australia,Martinshire,West Virginia,28850,Western Australia
CUST0504,Paul Parks,Consumer,Australia,North Victoriaview,California,61204,Queensland
CUST0505,Luke Thompson,Consumer,United States,Port Roberthaven,Oklahoma,88689,South
CUST0506,Nicole Chavez,Home Office,Germany,Erinton,Vermont,97209,Berlin
CUST0507,Stephanie Davis,Home Office,Australia,Norriston,Massachusetts,41803,New South Wales
CUST0508,Christopher Johnson,Corporate,Australia,East Davidside,Oregon,28337,Queensland
CUST0509,Nicole Jackson,Home Office,Australia,Lake Williammouth,Minnesota,88698,Queensland
CUST0510,Patrick Martinez,Corporate,Australia,Desireetown,Michigan,43961,Western Australia
CUST0511,Nicholas Rodriguez,Consumer,Australia,West Zachary,Wisconsin,19207,Victoria
CUST0512,Austin Taylor,Home Office,Australia,Costamouth,West Virginia,59250,Western Australia
CUST0513,Courtney Watson,Corporate,United Kingdom,South Heatherburgh,Louisiana,92140,England
CUST0514,Julie Gallegos,Corporate,United Kingdom,Francisfurt,North Dakota,32160,England
CUST0515,Katie Hughes,Corporate,Australia,Evansville,Louisiana,50977,Western Australia
CUST0516,Penny Hebert,Corporate,United States,South Rickyland,Pennsylvania,48180,South
CUST0517,Andrew Smith,Corporate,United States,Port Erin,Georgia,41016,West
CUST0518,Lindsay Murray,Home Office,Australia,Lynnbury,Idaho,89340,Queensland
CUST0519,Daniel Boyd Jr.,Home Office,United States,Lisaville,California,99196,South
CUST0520,Steven Gilmore,Consumer,United Kingdom,East Janethaven,Illinois,67707,England
CUST0521,Judy Brown,Home Office,Australia,Ayalahaven,Louisiana,67466,Queensland
CUST0522,Shane Huynh,Corporate,United States,North Jeffrey,Michigan,07442,South
CUST0523,Robert Thomas,Consumer,United Kingdom,East Brenda,Connecticut,67573,Wales
CUST0524,Eric Jackson,Consumer,United States,South Sarahfurt,Virginia,42850,East
CUST0525,Denise Gomez,Home Office,United Kingdom,Lyonschester,Wyoming,52295,Scotland
CUST0526,Patrick Levy,Consumer,Australia,Alexistown,Connecticut,58135,Victoria
CUST0527,Jessica Peterson,Home Office,United States,Christophermouth,Michigan,55404,Central
CUST0528,Jeffrey West,Consumer,Germany,Jessicabury,Idaho,91562,Hamburg
CUST0529,Sherry Harris,Home Office,Australia,Bryanttown,Ohio,66541,New South Wales
CUST0530,Keith Hines,Corporate,Australia,Lake Danielfort,Hawaii,96368,Queensland
CUST0531,April Armstrong,Corporate,Canada,Williamsport,Minnesota,66108,West
CUST0532,Sydney Green,Corporate,Australia,Perezshire,Arizona,15009,Victoria
CUST0533,Barbara Brown,Corporate,Germany,Patelmouth,Michigan,05982,Hamburg
CUST0534,Robert Gonzales,Consumer,Germany,New Robertbury,Minnesota,91465,Hamburg
CUST0535,Stephanie Trujillo,Corporate,Australia,Valenciahaven,Utah,82400,New South Wales
CUST0536,Gary Young,Corporate,Germany,Evansburgh,Arizona,48355,Hesse
CUST0537,Eddie Blanchard,Corporate,Canada,Whiteburgh,Missouri,56389,Central
CUST0538,James Graves,Corporate,United Kingdom,North Cheryl,Wisconsin,97250,Scotland
CUST0539,Christy Miller,Consumer,Germany,Robbinsmouth,Florida,76625,Bavaria
CUST0540,Adam Cole,Corporate,United States,Jacksontown,Maine,48196,South
CUST0541,Tammy Hall,Home Office,Germany,Port Christopherton,New Mexico,53763,Bavaria
CUST0542,Brian White,Corporate,Australia,Port Danielleland,Oregon,02780,Queensland
CUST0543,Laura Spencer,Corporate,Canada,Michaelstad,Hawaii,18485,West
CUST0544,John Hammond,Corporate,United Kingdom,Port Danielport,Alaska,01792,Scotland
CUST0545,Donna Holmes,Corporate,United States,Myersberg,Wisconsin,71467,West
CUST0546,Karla Smith,Corporate,United States,North Jennaville,West Virginia,86360,East
CUST0547,Katie Walsh,Corporate,United Kingdom,Francisland,Colorado,05887,England
CUST0548,Krystal Martinez,Corporate,Australia,Lake Kennethmouth,Oregon,68409,Victoria
CUST0549,Jillian Kim,Corporate,United States,Jenniferfort,Maine,03502,East
CUST0550,Ashley Washington,Consumer,Germany,Taylorton,Connecticut,48495,Berlin
CUST0551,Joseph Williams,Corporate,United Kingdom,New Keithburgh,Vermont,23345,Northern Ireland
CUST0552,Paul Ward,Home Office,United States,East Amy,Michigan,74435,West
CUST0553,Sara Nash,Consumer,Germany,Port Amberfort,New Jersey,38984,Berlin
CUST0554,Alexander Hill,Home Office,Germany,Rollinshaven,Michigan,00798,Bavaria
CUST0555,Michael Nunez,Consumer,United States,Lake Ryan,Alabama,17006,South
CUST0556,Holly Gardner,Home Office,United Kingdom,North Derekhaven,California,58761,Wales
CUST0557,Joshua Wood,Corporate,United States,North Connietown,Oklahoma,37839,South
CUST0558,Jeffery Mckinney,Consumer,Canada,Stevensonville,South Carolina,19778,East
CUST0559,Amber Jackson,Home Office,United Kingdom,East Frederickview,New Mexico,58869,England
CUST0560,Amy Phelps,Home Office,Germany,Port Ronald,Indiana,98993,Bavaria
CUST0561,Gabriela Williams MD,Corporate,United Kingdom,North Kyle,Wisconsin,83866,Northern Ireland
CUST0562,Zachary Dawson,Consumer,United Kingdom,Mcfarlandshire,West Virginia,13522,Scotland
CUST0563,Jeremy Dixon,Home Office,Australia,Youngborough,Tennessee,71891,Victoria
CUST0564,Hunter Walker,Corporate,Canada,Toddview,Louisiana,54956,West
CUST0565,Michele Huff,Home Office,Canada,Jayburgh,Illinois,44972,Central
CUST0566,Stacie Cruz,Consumer,Germany,Faithhaven,Ohio,21775,Hesse
CUST0567,Daniel Rice,Consumer,Australia,Armstrongton,Georgia,94026,Queensland
CUST0568,Robert Hartman,Consumer,Canada,West Austin,Maryland,25567,Central
CUST0569,Angelica Daniel,Home Office,United Kingdom,West Andrewberg,New Jersey,78076,Northern Ireland
CUST0570,Austin Barnett,Consumer,Germany,West Stacey,South Dakota,56292,Hesse
CUST0571,Ruth Nichols,Consumer,Australia,Nicholsville,Hawaii,84298,Queensland
CUST0572,John Diaz,Home Office,Australia,Lake Abigailbury,Vermont,22023,Victoria
CUST0573,Jessica Martinez,Corporate,Canada,Jonesmouth,Kansas,77260,East
CUST0574,Denise Lee,Corporate,United States,Port Katelyn,Arizona,72383,West
CUST0575,William Brown,Home Office,United States,New Kevin,West Virginia,97287,Central
CUST0576,Elizabeth Buck,Corporate,Australia,Collinsborough,Pennsylvania,52302,Victoria
CUST0577,Brian Holland,Home Office,Germany,Rachelburgh,Pennsylvania,26568,Bavaria
CUST0578,John Henderson,Consumer,United Kingdom,Miaborough,South Dakota,08611,Scotland
CUST0579,Nicole Gallegos,Home Office,Canada,Jamiemouth,Rhode Island,87871,West
CUST0580,Adam Cantu,Corporate,Australia,North Angelica,Arkansas,32560,New South Wales
CUST0581,Jordan Brown,Consumer,Canada,New Billy,Rhode Island,46267,East
CUST0582,Debra Campbell,Home Office,United Kingdom,Port Julie,Georgia,20502,Wales
CUST0583,Brian Hughes,Consumer,United States,Lake Matthewport,Kansas,32402,East
CUST0584,Shannon Dixon,Corporate,United States,Lyonsbury,Vermont,42224,West
CUST0585,Stephanie Lewis,Corporate,Germany,Veronicashire,Iowa,94760,Hesse
CUST0586,Kathy Griffin,Home Office,United States,Tiffanyfurt,Virginia,97421,Central
CUST0587,Kristin Flores,Home Office,United Kingdom,Brianberg,Connecticut,07131,England
CUST0588,Sarah Miller,Consumer,United Kingdom,Matthewstad,Tennessee,83639,Northern Ireland
CUST0589,Jennifer Flores,Home Office,United Kingdom,East Michaelmouth,Pennsylvania,63055,England
CUST0590,Patricia Robinson,Home Office,Australia,Port Kathryn,Wisconsin,99349,Queensland
CUST0591,Douglas Warren,Home Office,United Kingdom,South Ashley,South Carolina,19581,Scotland
CUST0592,Garrett Yu,Corporate,Germany,Port Ryan,Utah,95467,Hesse
CUST0593,April Mccall,Consumer,Canada,Ibarraburgh,Ohio,70812,Central
CUST0594,Gregory Ramirez,Home Office,Canada,Port Scott,Nevada,24296,East
CUST0595,Spencer Potter,Corporate,United States,Sylvialand,West Virginia,39769,West
CUST0596,Nicole Molina,Home Office,Germany,Marktown,Georgia,24209,Bavaria
CUST0597,Michelle Morgan,Corporate,United Kingdom,Fernandezville,Delaware,93254,Wales
CUST0598,Kelli Anderson,Corporate,Australia,Lanebury,Washington,32158,Western Australia
CUST0599,Brent Miller,Corporate,United Kingdom,South Angelaport,Michigan,15286,Northern Ireland
CUST0600,Theresa Hunt,Corporate,Germany,South Kellie,Maryland,11098,Hesse
CUST0601,Rachel Reyes,Consumer,Germany,Adamburgh,South Dakota,55777,Bavaria
CUST0602,Andrew Hicks,Corporate,United Kingdom,Kimberlyland,Michigan,31712,Wales
CUST0603,Charles Copeland,Consumer,United Kingdom,Port Rhonda,North Carolina,35271,Scotland
CUST0604,John Giles,Consumer,Canada,Nicholasland,Minnesota,02769,West
CUST0605,Gavin Williams,Corporate,Australia,New Joshuashire,New Mexico,71226,Queensland
CUST0606,Nicholas Raymond,Consumer,United States,Raymouth,Hawaii,73824,Central
CUST0607,Ann Richardson,Corporate,Australia,Mayerton,Oregon,74409,New South Wales
CUST0608,Brenda Lynn,Consumer,United Kingdom,Brightberg,Iowa,71689,Northern Ireland
CUST0609,Matthew Ramsey,Corporate,Germany,Hensonmouth,New Hampshire,57574,Bavaria
CUST0610,Pamela George,Home Office,United Kingdom,North Leeborough,Connecticut,05053,England
CUST0611,Melissa George,Corporate,Australia,Amyside,South Dakota,06526,Queensland
CUST0612,Cristian Nguyen,Consumer,Canada,West Brooke,Missouri,44640,West
CUST0613,Kelly Garza,Consumer,United States,North Colleen,Washington,76999,South
CUST0614,Mary Boyd,Consumer,Australia,Loriburgh,West Virginia,16030,Queensland
CUST0615,Anthony Carter,Consumer,United States,Richardmouth,Idaho,45233,East
CUST0616,Sara Johnson,Consumer,Australia,Bakerhaven,Vermont,50179,New South Wales
CUST0617,Sydney Keller,Consumer,Germany,Brianbury,Missouri,22695,Bavaria
CUST0618,Shannon Allen,Corporate,United Kingdom,South Isabelport,Wyoming,62790,Northern Ireland
CUST0619,Christina Freeman,Home Office,Australia,West Shannon,Pennsylvania,57085,Queensland
CUST0620,Dawn Fischer,Consumer,Canada,Port Jamieberg,New Jersey,18471,East
CUST0621,Ryan Greer,Consumer,Germany,South Brittanytown,Indiana,51506,Bavaria
CUST0622,Michael Sanders,Corporate,Germany,Pricechester,Nebraska,66823,Berlin
CUST0623,Derrick Carlson,Consumer,United States,Robinsonstad,Alaska,08879,East
CUST0624,Angela Reeves,Home Office,Canada,Jamesville,Louisiana,32591,Central
CUST0625,Lisa Gray,Consumer,United States,Port Sharon,South Dakota,93607,West
CUST0626,Lisa Berry,Home Office,Germany,New Teresa,Nebraska,00817,Hamburg
CUST0627,Anthony Farmer,Corporate,Canada,Michaelfurt,Hawaii,73574,Central
CUST0628,Samantha Sandoval,Consumer,Germany,Kennethstad,Oregon,43418,Berlin
CUST0629,Suzanne Bailey MD,Home Office,Germany,Port Jaredton,Kentucky,81727,Hamburg
CUST0630,Michael Johnson,Home Office,Germany,Lake Sarahberg,Connecticut,05121,Hamburg
CUST0631,Rachel Berg,Consumer,Canada,Steinshire,Alaska,82182,West
CUST0632,Megan Manning,Corporate,United Kingdom,New Heather,Rhode Island,40362,Northern Ireland
CUST0633,David Lyons II,Home Office,Germany,East Brandishire,California,38102,Bavaria
CUST0634,Benjamin Casey,Home Office,Germany,Taylorland,Minnesota,65116,Hesse
CUST0635,Kenneth Hodge,Consumer,Germany,Port Katherinehaven,Texas,16192,Hamburg
CUST0636,Charles Fleming,Consumer,Australia,New Alexandria,Vermont,18958,Queensland
CUST0637,Robert Lopez,Corporate,Canada,Catherinestad,Minnesota,14831,Central
CUST0638,Lisa Smith,Corporate,Germany,Lake Kennethchester,South Carolina,37996,Bavaria
CUST0639,Amanda James,Corporate,Germany,New Johnfort,Minnesota,60780,Hesse
CUST0640,Michael Ray,Corporate,Canada,Port Aaronland,Nebraska,58305,Central
CUST0641,Tyrone Phillips,Corporate,United Kingdom,Sheilamouth,Ohio,84653,Wales
CUST0642,Michael Francis,Consumer,Germany,Brennanhaven,North Carolina,97035,Bavaria
CUST0643,Molly Schultz,Home Office,United Kingdom,Port Cathy,Minnesota,91065,Scotland
CUST0644,Cynthia Brown,Corporate,Canada,Terriborough,North Carolina,70599,West
CUST0645,Derek Hart,Consumer,United Kingdom,Barkerburgh,Tennessee,38188,Wales
CUST0646,Natasha Randolph,Corporate,Australia,Joshuaton,Missouri,37955,Western Australia
CUST0647,Chad Clark,Home Office,Germany,West Cassidy,Washington,11480,Hamburg
CUST0648,Kevin Alvarado,Corporate,United Kingdom,South Allison,South Dakota,31971,Wales
CUST0649,Eric Moody,Consumer,United Kingdom,Mccormicktown,South Carolina,85728,Scotland
CUST0650,Jessica Walker,Home Office,Australia,Whitneymouth,Nebraska,39942,Victoria
CUST0651,Megan Zimmerman,Consumer,United States,Travishaven,New Mexico,34896,South
CUST0652,James Davis,Consumer,United Kingdom,New Bettyside,Indiana,68391,Northern Ireland
CUST0653,Brian Fuller,Consumer,Germany,Port Samantha,New Jersey,12928,Hesse
CUST0654,Annette Mills,Consumer,Canada,Marthabury,Oregon,76745,West
CUST0655,Jeffrey Simpson,Home Office,United States,Myersfort,South Dakota,03298,Central
CUST0656,Steve Smith,Consumer,Germany,West Nicolehaven,Kentucky,58213,Hesse
CUST0657,Joseph Fernandez,Corporate,Germany,Lake Alexandria,Oregon,92618,Hamburg
CUST0658,Joshua Thomas,Home Office,United Kingdom,Debraport,Alabama,77092,Northern Ireland
CUST0659,Michael Wilson,Corporate,United Kingdom,Gregorymouth,Wisconsin,29781,Northern Ireland
CUST0660,Zachary Johns,Home Office,United Kingdom,Jacobland,Texas,77198,England
CUST0661,Alex Martin,Home Office,United Kingdom,South Donna,Hawaii,87850,England
CUST0662,Gregory Williams,Home Office,Canada,New Shelby,Louisiana,88990,East
CUST0663,Stacy Ramirez,Corporate,Australia,Williamsport,Mississippi,36734,New South Wales
CUST0664,Joseph Smith,Home Office,United Kingdom,Christinehaven,Iowa,04802,Scotland
CUST0665,Austin Simmons,Corporate,Canada,Lindsaystad,Hawaii,34017,Central
CUST0666,Ashley Torres,Home Office,United Kingdom,West Nicolasmouth,Ohio,39301,England
CUST0667,John Barry,Corporate,Canada,West Wesleyview,Massachusetts,09922,East
CUST0668,Vickie Shepherd,Corporate,Canada,West Edward,Idaho,64148,Central
CUST0669,Karen White,Corporate,Germany,North Kaylaport,Ohio,55311,Hesse
CUST0670,Jonathan Steele,Consumer,United Kingdom,Jerrymouth,Massachusetts,05434,Northern Ireland
CUST0671,Paul Cook,Consumer,United Kingdom,Port Brian,Nevada,20315,England
CUST0672,Christian Thomas,Consumer,Canada,Robertsonmouth,Oklahoma,63803,East
CUST0673,Janet Smith,Consumer,United States,Simmonsfurt,Minnesota,46976,East
CUST0674,Nathaniel Moore,Home Office,Australia,West Lauren,South Carolina,66306,New South Wales
CUST0675,Elizabeth Garcia,Corporate,United States,Mitchelltown,Illinois,51691,South
CUST0676,Brenda Hodge,Consumer,Australia,Marcusfort,Washington,17197,Western Australia
CUST0677,Darrell Marshall,Corporate,United Kingdom,Port Carrie,Massachusetts,14255,Northern Ireland
CUST0678,Alejandro Ramirez,Home Office,Germany,Olsonland,Missouri,33843,Hesse
CUST0679,Adam Obrien,Home Office,United Kingdom,New David,Missouri,17834,Northern Ireland
CUST0680,Angel Holt,Consumer,Canada,Reyesshire,Kansas,02053,Central
CUST0681,Patrick Robinson,Corporate,Canada,West Dustinfort,Maryland,62182,East
CUST0682,Laurie Sawyer,Corporate,Australia,South Kimberly,Massachusetts,72088,Western Australia
CUST0683,Sara Smith,Home Office,Canada,Ellenbury,Rhode Island,74096,West
CUST0684,Emily Allen,Consumer,United States,South Andreamouth,Florida,87641,West
CUST0685,Heather Clayton,Home Office,Germany,Crystalberg,Maryland,81955,Berlin
CUST0686,Danielle Martinez,Home Office,Canada,Johnsonberg,Connecticut,00663,West
CUST0687,Whitney Perez,Home Office,Germany,Tranfurt,Oklahoma,04768,Hesse
CUST0688,Julia Martin,Consumer,Germany,Monicatown,Alaska,61483,Hesse
CUST0689,Scott Lee,Consumer,United States,Jasonview,Florida,90316,Central
CUST0690,Jennifer King,Home Office,United States,New Harry,Indiana,89588,East
CUST0691,Charles Bates,Home Office,Australia,Lake Richardville,South Dakota,32495,New South Wales
CUST0692,Jennifer Hayes,Corporate,United Kingdom,Lake Ethan,Wyoming,39636,Scotland
CUST0693,Juan Miller,Corporate,United Kingdom,New Jonathan,Missouri,58635,Northern Ireland
CUST0694,Stacy Arnold,Corporate,Germany,Shirleyton,North Carolina,74986,Hesse
CUST0695,Shawn Santos,Corporate,Germany,Port Kristinaburgh,Hawaii,63487,Berlin
CUST0696,Cassidy Rodriguez,Consumer,United Kingdom,Starkfort,Washington,04957,Scotland
CUST0697,Kimberly Adams,Home Office,Australia,West Jose,Indiana,93878,Western Australia
CUST0698,Kelli Aguilar,Home Office,United States,Scottburgh,Massachusetts,64706,Central
CUST0699,Joshua Dennis,Home Office,Canada,Marcusmouth,New Hampshire,35358,East
CUST0700,Barbara Cummings,Home Office,Germany,Davishaven,Maine,42220,Hesse
CUST0701,James Sandoval,Home Office,United Kingdom,East Tammyberg,Massachusetts,36309,Northern Ireland
CUST0702,Gabrielle Miller,Corporate,Canada,West Joann,Illinois,16550,East
CUST0703,Dr. Charles Roberts II,Home Office,Germany,Erikbury,South Dakota,66882,Bavaria
CUST0704,Rebecca Adkins,Home Office,United States,Brooksmouth,Washington,68775,East
CUST0705,Tom Malone,Corporate,Germany,Reedmouth,North Carolina,98278,Bavaria
CUST0706,Diane Shields,Corporate,Australia,North Antonio,Texas,71206,New South Wales
CUST0707,James Manning,Corporate,Canada,Tranborough,Montana,17354,Central
CUST0708,Jose Ellis,Corporate,United States,East Ricky,Wisconsin,12693,West
CUST0709,Mike Johnson,Home Office,United States,Lake Danhaven,Texas,25025,West
CUST0710,Kristen Shaw,Corporate,United States,Sharonbury,Texas,52346,East
CUST0711,Calvin Fowler,Home Office,Canada,Port Joshua,Arkansas,87762,West
CUST0712,Ashley Wong,Corporate,Canada,Port Aaronton,Maine,70195,East
CUST0713,John Cruz,Corporate,United Kingdom,East Mary,Vermont,87131,England
CUST0714,Michael White,Home Office,United Kingdom,Lake Jennifer,New Mexico,83962,Scotland
CUST0715,Kathleen Johnson,Corporate,Germany,Port Michelletown,Florida,28219,Hesse
CUST0716,David Johnson,Consumer,Australia,East Scotthaven,West Virginia,91767,Victoria
CUST0717,Matthew Ferguson,Home Office,Germany,Andersonstad,Nebraska,91766,Hesse
CUST0718,Matthew Phelps,Home Office,Germany,North Duaneshire,West Virginia,76226,Hamburg
CUST0719,Frederick Delgado,Consumer,Canada,Dunnborough,New York,59342,Central
CUST0720,Hannah Hughes,Corporate,Germany,Birdland,New Hampshire,38159,Hesse
CUST0721,Sydney Myers,Consumer,Germany,Jeremytown,Kansas,88824,Berlin
CUST0722,Natalie Richards,Home Office,United Kingdom,Crawfordburgh,North Dakota,88800,England
CUST0723,Elizabeth Foster,Consumer,United Kingdom,North James,California,52862,Northern Ireland
CUST0724,William Hamilton,Consumer,Australia,North Tonya,Massachusetts,57933,Western Australia
CUST0725,Tony Murray,Corporate,United States,West David,Oregon,18296,West
CUST0726,Donald Martin,Corporate,Canada,Gordontown,Delaware,80941,West
CUST0727,Carolyn Berger,Corporate,Germany,South Rebekahton,North Dakota,03901,Berlin
CUST0728,Justin Lewis,Consumer,United Kingdom,Charlesland,Minnesota,98459,Wales
CUST0729,Amanda Davis,Home Office,Canada,North Sarah,Hawaii,13115,Central
CUST0730,Nicole Burch,Consumer,Australia,Williamsbury,Pennsylvania,29853,Victoria
CUST0731,Robert Pope,Home Office,Australia,Gregoryborough,Utah,64819,Queensland
CUST0732,Nicole Lowery,Home Office,Australia,East Clarenceberg,Vermont,53006,Western Australia
CUST0733,Kim Morris,Home Office,Germany,North Rhondamouth,Florida,75843,Bavaria
CUST0734,Austin Green,Home Office,United Kingdom,Lake Robert,Hawaii,13670,Northern Ireland
CUST0735,John Grant,Corporate,United Kingdom,Lake Sandra,New Jersey,31507,Scotland
CUST0736,Lawrence Rosario,Corporate,Australia,East Heatherstad,Kansas,24739,Western Australia
CUST0737,Megan Lopez,Corporate,Canada,West Brianna,New Mexico,56992,Central
CUST0738,Marilyn Walsh,Home Office,Canada,Port Matthew,Florida,52803,West
CUST0739,James Sweeney,Consumer,Australia,North Ronald,Ohio,93287,Victoria
CUST0740,Brenda Weeks,Home Office,United Kingdom,Taylorbury,Texas,39087,Northern Ireland
CUST0741,Tony Snyder,Consumer,United Kingdom,Williamburgh,New Jersey,79846,Scotland
CUST0742,Kristen Good,Consumer,United States,Port Katherine,Georgia,84561,Central
CUST0743,Roy Valenzuela,Corporate,Germany,Patriciamouth,Massachusetts,76046,Hamburg
CUST0744,Victor Osborn,Corporate,Australia,New Angela,Georgia,47370,Western Australia
CUST0745,Robert Holland,Corporate,Australia,Courtneyburgh,Connecticut,67157,Western Australia
CUST0746,Joann Barnett,Consumer,Germany,Georgetown,New York,41729,Bavaria
CUST0747,Tina Brown,Corporate,Australia,Carlville,Oklahoma,17028,New South Wales
CUST0748,Tabitha Weber,Home Office,Canada,Shawnside,Louisiana,38028,East
CUST0749,Cassie Clay,Home Office,Canada,West Bradleyview,South Carolina,14485,West
CUST0750,Nathan Evans,Consumer,Canada,Port Gabrielville,Oregon,91771,East
CUST0751,Tiffany Rhodes,Corporate,Australia,Parsonsport,Louisiana,19801,Victoria
CUST0752,William Robinson,Home Office,United Kingdom,New Kevin,Wyoming,60418,England
CUST0753,Anne Decker,Corporate,Canada,Williamshaven,Georgia,42966,West
CUST0754,Stephen Parrish,Corporate,United Kingdom,Port Angelaburgh,New Hampshire,80640,Northern Ireland
CUST0755,Christina Williams,Home Office,Canada,Curryborough,North Dakota,09002,Central
CUST0756,Robin Harrell,Home Office,United States,Lake Jason,North Carolina,00502,South
CUST0757,Rebecca Holland,Corporate,United States,North Gerald,Missouri,17757,East
CUST0758,Cassandra Walsh,Home Office,United Kingdom,Sarahburgh,Idaho,30917,Wales
CUST0759,Courtney Phillips,Consumer,Germany,Natalieborough,Kentucky,81838,Hesse
CUST0760,Jacqueline Cabrera,Corporate,Canada,Port Coleview,Utah,11086,West
CUST0761,Joshua Collins,Corporate,Germany,Pamelaview,Ohio,15129,Hesse
CUST0762,Nicholas Collins,Corporate,United Kingdom,East Laurafort,South Dakota,86299,Wales
CUST0763,Ryan Flores,Home Office,Canada,Howardmouth,California,55869,East
CUST0764,Ann Huff,Home Office,United States,West Johnborough,Colorado,55887,West
CUST0765,Lauren Bennett,Consumer,Germany,West Ericachester,Ohio,93352,Bavaria
CUST0766,Brian Campbell,Consumer,United States,Jasonhaven,Utah,94679,South
CUST0767,Rhonda Davis,Corporate,Australia,West Davidtown,Wyoming,55287,Western Australia
CUST0768,John Taylor,Corporate,United Kingdom,East David,South Dakota,28631,Northern Ireland
CUST0769,Diana Johnson,Consumer,United States,South Kathleenshire,Iowa,20901,Central
CUST0770,Dana Rogers,Corporate,United States,Butlerborough,Connecticut,72445,East
CUST0771,Deborah Skinner,Consumer,Canada,East Troyville,Oklahoma,88788,West
CUST0772,Kimberly Howell,Home Office,Germany,Kathyborough,Georgia,11004,Hesse
CUST0773,Cynthia Garcia,Home Office,Germany,Karenview,Mississippi,91087,Berlin
CUST0774,Scott Brown,Consumer,United States,Reneetown,Wyoming,88181,West
CUST0775,Mason Acevedo,Home Office,United Kingdom,Lake Gina,Massachusetts,00706,England
CUST0776,Isabella Scott,Home Office,United States,Melissaberg,Alabama,23790,South
CUST0777,Duane Bell,Consumer,Canada,Rebeccastad,Florida,21149,West
CUST0778,Michelle Peters,Consumer,Canada,North Robertview,Missouri,18930,Central
CUST0779,Dawn Evans,Consumer,Canada,Onealborough,Nebraska,57167,Central
CUST0780,Elijah Morales,Corporate,United Kingdom,New David,Rhode Island,02830,Wales
CUST0781,Brandon Sweeney,Home Office,Australia,New Nicholasport,Nebraska,27805,Queensland
CUST0782,Nicole Bowen,Consumer,Canada,Johnchester,Wisconsin,00560,West
CUST0783,Aaron Cook,Corporate,United States,Tylerview,Vermont,12589,South
CUST0784,Nathan Reynolds,Consumer,Germany,New Garrett,New York,43914,Bavaria
CUST0785,Jose Arellano,Home Office,Germany,East Jesse,Mississippi,92197,Hesse
CUST0786,Brandi Morales,Corporate,Canada,Davisstad,Montana,52242,Central
CUST0787,Alexandra Leon,Consumer,Australia,North Emily,Florida,72743,Victoria
CUST0788,Julie Brown,Corporate,Canada,Mcfarlandstad,Colorado,76161,Central
CUST0789,Melissa Adams,Home Office,Germany,Colemouth,Hawaii,70606,Bavaria
CUST0790,Thomas Neal,Home Office,Germany,Muellertown,Ohio,68602,Hamburg
CUST0791,Christopher Gordon,Corporate,United States,East Lisaland,Missouri,70275,Central
CUST0792,James Scott,Corporate,Australia,Jasonview,Nebraska,18894,Western Australia
CUST0793,William Mckinney,Corporate,United States,Thompsonchester,Kentucky,53742,South
CUST0794,Robert Marshall,Consumer,Canada,North Carolyn,Iowa,00755,Central
CUST0795,Stephanie French,Home Office,Australia,Grayfurt,Utah,41851,Queensland
CUST0796,Johnny Williams,Home Office,United Kingdom,Johnshire,Montana,27610,Scotland
CUST0797,Nancy Edwards,Home Office,Canada,Matachester,New Jersey,58899,Central
CUST0798,Michele Wheeler,Home Office,United States,South Barbaramouth,Indiana,64625,West
CUST0799,Joseph Jacobson,Consumer,United Kingdom,Brandonburgh,Idaho,40200,Scotland
CUST0800,Jennifer Roberts,Consumer,Germany,Johnshire,Maryland,42021,Hamburg
CUST0801,Keith Deleon,Consumer,Germany,Goldenland,Wisconsin,44831,Berlin
CUST0802,Dr. Emma Curry,Home Office,United States,East Margaretland,Michigan,78841,South
CUST0803,Helen Lane,Corporate,Australia,South Paul,North Dakota,12330,Western Australia
CUST0804,Kelly Bullock,Home Office,Canada,Simonland,Michigan,99946,East
CUST0805,Adam Bond,Home Office,Canada,Port Glenda,Rhode Island,08805,Central
CUST0806,Jennifer Rosario,Home Office,Australia,East Shane,Alaska,86888,New South Wales
CUST0807,Kyle Alexander,Consumer,Germany,Andrewtown,Minnesota,97248,Hesse
CUST0808,Mathew Walls,Corporate,Australia,West Robertmouth,Arizona,88415,Queensland
CUST0809,Brittany Thornton,Home Office,Canada,North Kevin,Florida,72179,West
CUST0810,Heather Lopez,Home Office,Germany,Port Jonathan,New York,24215,Hesse
CUST0811,Donna Turner,Home Office,United Kingdom,Davidmouth,Kansas,72716,Scotland
CUST0812,Edward Mata,Corporate,Germany,Savannahborough,Wyoming,55458,Bavaria
CUST0813,Amanda Nelson,Consumer,Germany,West Lance,Wyoming,70652,Bavaria
CUST0814,Pamela Lopez,Corporate,Germany,Lake Kari,Louisiana,10360,Berlin
CUST0815,Jennifer Cole,Home Office,Australia,New John,Wyoming,98184,Queensland
CUST0816,Tammy Martinez,Consumer,Australia,Stevensburgh,Oklahoma,44889,Queensland
CUST0817,Robert Kaiser,Consumer,Australia,Brownport,Alabama,68770,Western Australia
CUST0818,Thomas Jones DDS,Consumer,Canada,New Amybury,Georgia,70805,East
CUST0819,Carrie English,Consumer,Canada,Christinemouth,Arizona,47841,East
CUST0820,Scott Oconnor,Consumer,United Kingdom,Christinefort,Nebraska,62689,Scotland
CUST0821,Nicole Mcconnell,Consumer,Australia,Natalieton,Vermont,89052,Victoria
CUST0822,Cynthia Smith,Home Office,United Kingdom,Nicolehaven,Mississippi,59128,England
CUST0823,Mrs. Tracy Moore,Corporate,Australia,Latoyatown,New Hampshire,15223,New South Wales
CUST0824,David Choi,Corporate,Australia,Katherineport,Rhode Island,10683,Queensland
CUST0825,Joshua Brown,Corporate,Germany,West Richardside,South Carolina,38085,Bavaria
CUST0826,Clayton Weiss,Home Office,Australia,Port Marcus,North Carolina,63176,New South Wales
CUST0827,Randy Hunt,Corporate,United States,Bryanstad,New Hampshire,78799,West
CUST0828,David Carter,Home Office,Germany,East Samuel,Iowa,93020,Hesse
CUST0829,Michael Warren,Corporate,United States,Heathland,North Carolina,26203,South
CUST0830,Kelly Hayes,Corporate,United States,North Gregoryview,Mississippi,87185,Central
CUST0831,Charles White,Corporate,Germany,Port Donnaborough,Maryland,07488,Berlin
CUST0832,Kelly Miranda,Consumer,United States,New Christopher,Iowa,57676,West
CUST0833,Christopher Hughes,Home Office,United States,Suttonstad,New Hampshire,58190,West
CUST0834,Jeremy Weber DVM,Corporate,United States,Jefferyshire,South Dakota,42392,East
CUST0835,Karen Stanley,Consumer,Australia,Jenniferland,Nebraska,42713,Western Australia
CUST0836,Lee Chavez,Consumer,Canada,Amandaport,Alaska,79268,East
CUST0837,Nicole Johnson,Consumer,Canada,Caseyfurt,Virginia,81034,West
CUST0838,Jessica Jones,Consumer,United Kingdom,New Jeffreyville,Colorado,48498,Wales
CUST0839,Christopher Carney,Home Office,United Kingdom,Port Sandyberg,West Virginia,00988,Scotland
CUST0840,Robert Mcdaniel,Consumer,Germany,Estradafort,Illinois,29613,Berlin
CUST0841,Brian Mathews,Corporate,Australia,Codybury,Michigan,75105,Victoria
CUST0842,Michael Green,Consumer,United Kingdom,Lake Chad,Florida,08108,Scotland
CUST0843,Clifford Brown,Corporate,Germany,New Danielle,Delaware,34852,Bavaria
CUST0844,Nancy Scott,Home Office,United States,Curtisville,Idaho,50400,East
CUST0845,Richard Santos,Corporate,Germany,Lake David,Montana,48503,Hamburg
CUST0846,Alicia Woodard,Corporate,United Kingdom,Kimberlytown,Kentucky,03075,Wales
CUST0847,Melissa Bailey,Home Office,Canada,Port Kathrynside,Montana,52439,East
CUST0848,Cody Davis,Consumer,Canada,North Jennifer,North Carolina,95364,East
CUST0849,John Austin,Home Office,Australia,Woodfurt,Florida,01151,Western Australia
CUST0850,Andrew Rose,Home Office,Australia,Johnstonhaven,New Mexico,30649,Western Australia
CUST0851,Mary Steele,Corporate,United States,Lake Jacob,Ohio,98485,Central
CUST0852,Timothy Hunt,Home Office,Germany,New Benjaminport,Alabama,99053,Bavaria
CUST0853,Daisy Coffey,Consumer,Canada,East Nicole,Nebraska,54489,West
CUST0854,Cassidy Reynolds,Corporate,Australia,South Christopherchester,Massachusetts,94695,New South Wales
CUST0855,Christina Brewer,Corporate,Australia,Port Andrewside,California,37019,Victoria
CUST0856,Lauren Harris,Home Office,Australia,Lake Tracy,South Carolina,53433,Victoria
CUST0857,Sara Kelley,Consumer,United Kingdom,Jasminemouth,Kansas,31554,Wales
CUST0858,Lisa Romero,Corporate,Germany,Thomasbury,Massachusetts,57331,Hesse
CUST0859,Carrie Wilkins,Corporate,United Kingdom,Michaelbury,Tennessee,37822,Wales
CUST0860,Brooke Park,Consumer,Australia,Christopherburgh,Maryland,23586,Western Australia
CUST0861,Debra Klein,Consumer,Australia,Combsburgh,Nevada,15348,Victoria
CUST0862,Bryan Baker,Home Office,Australia,Brennanburgh,Tennessee,36050,Queensland
CUST0863,Jeremy Osborne,Consumer,Australia,West Jennifer,Mississippi,64995,Western Australia
CUST0864,Todd Drake,Corporate,United Kingdom,New Gabrielfort,Kentucky,25153,Wales
CUST0865,Ernest Roy,Home Office,Germany,North Thomasville,Idaho,77654,Berlin
CUST0866,Katelyn Ingram,Home Office,United Kingdom,Pereztown,Colorado,74208,Wales
CUST0867,Todd Alvarez,Home Office,Canada,Tinafurt,West Virginia,89010,East
CUST0868,Morgan Davis,Home Office,Canada,Port Jasonbury,Alaska,29601,East
CUST0869,Denise Kane,Home Office,United Kingdom,Hamptonchester,Maine,86906,England
CUST0870,Michael Thomas,Home Office,Australia,Robertview,Colorado,76124,New South Wales
CUST0871,Bruce Bartlett,Consumer,United Kingdom,Kingberg,Wyoming,48186,England
CUST0872,Richard Duran,Consumer,Australia,Port Kathleenberg,Illinois,62819,Western Australia
CUST0873,David Burgess,Home Office,United Kingdom,Donnaside,Wyoming,42843,Scotland
CUST0874,Wesley Johnston,Consumer,Australia,Thomasfort,Colorado,88677,Victoria
CUST0875,Emily Stuart,Corporate,Australia,Kennedybury,Maryland,95898,Victoria
CUST0876,Raymond King,Corporate,Canada,Lake Kristen,California,72038,East
CUST0877,Tiffany Richardson,Consumer,Germany,West Jamieton,Virginia,99081,Hesse
CUST0878,Amber Melton,Consumer,Germany,Youngshire,Illinois,16753,Hamburg
CUST0879,Scott Smith,Home Office,United States,Lake Cole,North Dakota,56963,East
CUST0880,Timothy Shaw,Corporate,United Kingdom,West Stephanie,Vermont,58538,Northern Ireland
CUST0881,James Brown,Home Office,United Kingdom,Jessicachester,Vermont,37269,Northern Ireland
CUST0882,John Webster,Consumer,United States,East Scottmouth,Vermont,69267,South
CUST0883,Rachael Choi,Home Office,United Kingdom,Lake Patrickhaven,Ohio,61505,England
CUST0884,Mrs. Kimberly West MD,Consumer,United States,Prestonfurt,Illinois,68468,East
CUST0885,Mr. Michael Griffin DDS,Corporate,Canada,Donaldtown,Kentucky,86992,West
CUST0886,Gabriela Cooper,Corporate,Canada,Ashleyfort,Oklahoma,46838,Central
CUST0887,Michael Holmes,Home Office,United Kingdom,Lake Williamland,Arizona,94329,Northern Ireland
CUST0888,Jim Patterson,Home Office,Canada,Samanthaburgh,Oregon,84028,East
CUST0889,William Boone,Corporate,Australia,Justinside,Idaho,54850,Western Australia
CUST0890,William Rogers,Home Office,United States,Hillfurt,Louisiana,18261,Central
CUST0891,Mary Andrade,Home Office,Canada,North Kennethside,Massachusetts,37335,West
CUST0892,Brittany Norman MD,Home Office,Canada,Marioborough,Ohio,08531,Central
CUST0893,Sydney Rodgers,Consumer,United Kingdom,Sherriland,Nevada,47739,Scotland
CUST0894,Jessica Oneal,Consumer,United Kingdom,New Lorimouth,Nebraska,47911,Scotland
CUST0895,Monica Perez,Consumer,United States,Port Michaelport,Vermont,12181,West
CUST0896,Noah Schaefer,Home Office,United States,Maryfurt,Kentucky,15499,Central
CUST0897,Abigail Snyder,Consumer,United Kingdom,New Sarahport,California,44107,England
CUST0898,Kenneth Bush,Consumer,United Kingdom,New Edward,Louisiana,38291,Wales
CUST0899,Laura Tyler,Home Office,Canada,New Michaelshire,Minnesota,77903,West
CUST0900,Anita Wilson,Consumer,Canada,Lake Leonardhaven,Indiana,63422,West
CUST0901,Fred Mata,Home Office,United States,Bennetttown,Vermont,90683,West
CUST0902,Laura Williams,Home Office,Canada,West Amandaview,Hawaii,73404,West
CUST0903,Margaret Thomas,Corporate,United Kingdom,Bentonbury,Pennsylvania,09495,England
CUST0904,Michaela Smith,Home Office,Germany,South Nicholasberg,Iowa,31877,Bavaria
CUST0905,James Lucas,Consumer,United States,Diazside,Iowa,36832,Central
CUST0906,Keith Graves,Consumer,Australia,Maryton,Nebraska,64248,Queensland
CUST0907,Steven Davis,Home Office,Canada,Robertland,Hawaii,97612,Central
CUST0908,Susan Carroll,Corporate,United Kingdom,South James,Oregon,53260,Wales
CUST0909,Gabriel Harrison,Home Office,United Kingdom,Martinstad,Oregon,85996,Scotland
CUST0910,Anthony Stewart,Corporate,Canada,North Mariabury,Oklahoma,20474,West
CUST0911,Clifford Johnson,Corporate,Canada,Chadside,Mississippi,20008,Central
CUST0912,Tammy Stanton,Consumer,Germany,Fosterfort,Vermont,40253,Bavaria
CUST0913,Kimberly Watson,Corporate,Germany,Millerberg,West Virginia,98750,Hesse
CUST0914,Victoria Smith,Consumer,Australia,New Paul,Pennsylvania,93402,New South Wales
CUST0915,Jeffrey Lynch,Corporate,Germany,Lake Robert,Delaware,27835,Berlin
CUST0916,Amanda Quinn,Corporate,United States,North Lisastad,Georgia,09043,East
CUST0917,Maria Aguirre,Home Office,United States,Gloriatown,Maine,07906,East
CUST0918,Lisa Morales,Home Office,United Kingdom,South Brendaburgh,Maine,74543,England
CUST0919,Brenda Ryan,Corporate,Australia,East Toddport,California,89564,Queensland
CUST0920,Ariel Velez,Consumer,United Kingdom,Port Brittanyburgh,Alabama,39666,Scotland
CUST0921,Denise Powell,Consumer,Australia,Barryside,Texas,42322,Queensland
CUST0922,Ms. Tiffany Paul,Consumer,Canada,Diazville,Kansas,22321,Central
CUST0923,Mrs. Lori Lowery,Corporate,United States,New Amandaville,North Carolina,58600,East
CUST0924,Sara Schultz,Consumer,Australia,South Danielle,New Jersey,10558,Queensland
CUST0925,Christy Lloyd,Corporate,United States,North Trevorbury,Virginia,80853,South
CUST0926,Stacy Bridges,Home Office,United States,Mcdonaldburgh,Rhode Island,81235,South
CUST0927,Cynthia Weber,Corporate,Germany,West Thomashaven,Florida,60968,Berlin
CUST0928,Elizabeth Payne,Corporate,Canada,Mooremouth,Utah,26583,East
CUST0929,Gregory Gordon,Home Office,Canada,Port Thomas,Nebraska,31305,West
CUST0930,Todd York,Corporate,Canada,Warrenfort,Arizona,73377,Central
CUST0931,Jeffrey Santiago,Corporate,United States,West Curtis,Nebraska,81540,Central
CUST0932,Edward Brown,Consumer,Canada,Carlside,South Dakota,55147,East
CUST0933,James Davis,Corporate,United Kingdom,Danieltown,South Carolina,61709,England
CUST0934,Michelle Baker,Consumer,United Kingdom,Nicholsonland,Oregon,22770,Wales
CUST0935,Oscar Wright,Corporate,Australia,Carrollbury,Indiana,14397,Queensland
CUST0936,Rachael Romero,Home Office,Germany,Francesport,West Virginia,55758,Berlin
CUST0937,Heather Carter,Corporate,Germany,New Mary,Rhode Island,97006,Hamburg
CUST0938,Chelsea Hodges,Corporate,United Kingdom,Glovertown,Indiana,88057,Wales
CUST0939,Jose Figueroa,Home Office,United States,Christophermouth,New Mexico,11095,South
CUST0940,Sabrina Day,Home Office,United Kingdom,Josephview,Missouri,96666,Wales
CUST0941,Gerald Murphy,Home Office,Germany,West Craig,Georgia,23625,Bavaria
CUST0942,Mark Martinez,Corporate,United States,Port Karenfort,Massachusetts,48317,Central
CUST0943,Christian Black,Home Office,United Kingdom,Annafurt,Nevada,75518,Scotland
CUST0944,Jeffery Green,Home Office,United States,Georgeberg,New Jersey,44955,Central
CUST0945,Jamie Smith,Corporate,Canada,Andersonport,Alaska,46289,West
CUST0946,Anna Gonzalez,Corporate,United Kingdom,Gayburgh,Montana,96771,Northern Ireland
CUST0947,Krystal Guerrero,Consumer,Canada,North Maria,New Hampshire,09633,East
CUST0948,Alexandria Williams,Home Office,Germany,Chrisborough,Montana,87675,Berlin
CUST0949,Kathleen Dunn,Corporate,Australia,Costaview,Nevada,79906,New South Wales
CUST0950,April Figueroa,Consumer,Canada,New Zachary,Georgia,79164,East
CUST0951,William Peterson,Corporate,Germany,North Amanda,Nevada,05671,Berlin
CUST0952,Keith Foster,Corporate,United States,Glennville,Pennsylvania,29384,West
CUST0953,Justin Ellis,Home Office,United Kingdom,Timothyville,Delaware,09259,England
CUST0954,Rhonda Austin,Consumer,United States,Lake Angelafurt,Arkansas,03772,West
CUST0955,Michael Fernandez,Corporate,United States,Port Erin,Kansas,73686,East
CUST0956,Gail Pierce,Home Office,Canada,Mcmahonside,Maryland,55988,Central
CUST0957,Edgar Bradley,Corporate,Germany,Adamsmouth,New York,93492,Hamburg
CUST0958,Gabriel Harris,Home Office,United Kingdom,Laurieview,Connecticut,12974,Wales
CUST0959,Stephanie Ross,Corporate,Canada,West Michael,Michigan,51827,Central
CUST0960,Sarah Mays,Home Office,Germany,South Angela,Wisconsin,55226,Bavaria
CUST0961,Eric Lopez,Corporate,Canada,Brianland,Washington,87896,East
CUST0962,Cynthia Matthews,Consumer,United States,East Jeffreyshire,Michigan,15586,West
CUST0963,Jennifer Henderson,Home Office,United Kingdom,Archerchester,Rhode Island,84730,Northern Ireland
CUST0964,Jacqueline Werner,Corporate,Canada,Kevinchester,Mississippi,73928,East
CUST0965,Connie Johnson,Consumer,Australia,Luisshire,Connecticut,74151,New South Wales
CUST0966,Megan Bishop,Corporate,United States,Port Cherylmouth,Louisiana,40183,Central
CUST0967,Rebecca James,Home Office,United Kingdom,West Ianchester,South Carolina,75528,Wales
CUST0968,Debra Potts,Consumer,Australia,Oliviamouth,Mississippi,27168,Western Australia
CUST0969,Alyssa Elliott,Corporate,Germany,West Bryan,Utah,27528,Hamburg
CUST0970,Kathy Olson,Home Office,Germany,Miketown,South Dakota,06408,Hesse
CUST0971,Judy Cherry,Corporate,Germany,Bellside,Hawaii,40279,Hamburg
CUST0972,Rachel Mcintosh,Corporate,Germany,North Joseport,North Carolina,56347,Bavaria
CUST0973,Cynthia Jackson,Consumer,Germany,West Jasonfurt,Iowa,36441,Berlin
CUST0974,Brandon Morgan,Corporate,United States,Cooperburgh,Kansas,54587,East
CUST0975,Christina Wilson,Home Office,Australia,Sandersshire,Virginia,33221,Queensland
CUST0976,Rhonda Cooke,Home Office,Australia,Devinbury,New York,04812,Queensland
CUST0977,Michael Robinson,Home Office,Germany,Heathershire,California,88517,Berlin
CUST0978,Shirley Ellison,Home Office,Canada,East Alan,Oregon,91539,East
CUST0979,Jessica Cook,Consumer,Germany,Port Kellyport,Pennsylvania,65178,Hamburg
CUST0980,James Ward,Corporate,Canada,Williamstad,New Mexico,34800,East
CUST0981,Manuel White,Home Office,Germany,Lake Michaelside,Georgia,37752,Bavaria
CUST0982,Frank Harris,Corporate,Germany,West Jennifermouth,New Hampshire,23603,Bavaria
CUST0983,Kelly Houston,Corporate,Germany,Summerside,Vermont,15536,Hamburg
CUST0984,Ronald Savage,Consumer,United States,Ramosfurt,Iowa,91104,South
CUST0985,Eric Mann,Corporate,Canada,West Nicole,Montana,73276,East
CUST0986,Christina Yu,Corporate,Australia,Dudleyview,Georgia,85517,Western Australia
CUST0987,Dr. Monica Walker,Home Office,Germany,Wesleychester,Oklahoma,78766,Berlin
CUST0988,Austin Mack,Consumer,United Kingdom,East Scott,Idaho,29562,Wales
CUST0989,Matthew Trujillo,Corporate,United Kingdom,East Stephanieborough,North Carolina,51199,Wales
CUST0990,Bethany Schneider,Consumer,Australia,West Kennethport,Alabama,37841,Victoria
CUST0991,Joshua Miller,Consumer,Australia,Johnberg,Missouri,54776,Western Australia
CUST0992,Samuel Torres,Consumer,Germany,Patriciaton,Kansas,74389,Hesse
CUST0993,Mario Johnson,Consumer,Canada,New Nicole,Alabama,30269,West
CUST0994,Gerald Cuevas,Consumer,United States,Williamsfort,Iowa,07094,South
CUST0995,Rebekah Lara,Consumer,United States,West Lisaborough,Wyoming,67080,West
CUST0996,Christopher Bates,Home Office,United States,New Michaelmouth,Ohio,71327,Central
CUST0997,Jean Foley,Home Office,United States,New Aaron,Louisiana,09022,East
CUST0998,Timothy Payne,Consumer,Canada,West Pamela,Alabama,18301,East
CUST0999,Shane Gutierrez,Consumer,United Kingdom,Thomaston,Illinois,95660,Northern Ireland
CUST1000,Daniel Pittman,Consumer,Canada,Raystad,Maryland,50006,East
